：：,,,
：：,"<a name=""S0""></a>",,
TITLE,片道勇者TRPG　第一話　～出会い～,,
：：,片道勇者TRPGリプレイでは、プレイヤー達とＧＭの会話のやり取りを中心に掲載しています。,,
：：,詳しいルールは <a href=http://www.silversecond.net/contents/game/TRPG/Rule.html target=_blank class=red>【こちら】</a> にございますので、気になる方はこちらと合わせてお読み下さい。,,
,,,
H,序章　キャラクター作成,,
：：,,,
CC2,【プレイヤー紹介（ＧＭの主観）】,,
,,,
：：,<B class=c1>ロイスＰＬ</B>：やたら不幸ロールがハマる正統派傾向のプレイヤー。,,
：：,　　　　　　　真面目だけどよく貧乏クジを引くキャラクターが似合う印象を受けます。,,
,,,
：：,<B class=c2>ヴァンＰＬ</B>：ＴＲＰＧ経験が浅いにも関わらず存分に個性を発揮しているプレイヤー。,,
：：,　　　　　　 本キャンペーンでは人情派キャラが映えます。ダイス目にかなり強い印象。,,
,,,
：：,<B class=c3>アレイラＰＬ</B>：おそらくこの中で一番の熟練プレイヤー、ＧＭ経験もたぶん最も豊富。,,
：：,　　　　　　　 キャラクターの個性の貫きっぷりにこだわりを感じます。,,
,,,
：：,<B class=c4>ハムイＰＬ</B>：変わったキャラでプレイするのが好きそうな個性派プレイヤー。,,
：：,　　　　　　　独特な設定を持つキャラクターとその言動がとても映えます。,,
,,,
：：,<B class=c5>ンクＰＬ</B>：ケモノと溶岩が好きそうな軍師系プレイヤー。,,
：：,　　　　　キャラのセリフだけ見ると割と常識人なのに、どこか黒い部分がチラ見えするのが魅力的。,,
,,,
：：,<B class=c6>サントリナＰＬ</B>：耳の長いキャラが好きそうでＧＭ経験もある経験者プレイヤー。,,
：：,　　　　　　　　　割と真面目キャラが似合いますが肝心な所でダイス目がふるわない不幸体質,,
,,,
：：,<B class=c0>ＧＭ</B>：『片道勇者』の開発者。オンラインセッションのＧＭ経験はまだ２回。,,
：：,　　　　ちょっとダークでさわやかなお話が好き。,,
,,,
HR,,,
,,,
,,,
ＧＭ,ひとまず参加者のみなさまをお呼びしましたー！んでルールはこちらです。,(0:35:36),
,ただ、今回はオープニングだけで終わるかもしれません！,(0:37:54),
サントリナＰＬ,おお、たのしみ！　オープニングだけでも世界観というか空気をみてみたいっ。,(0:38:12),
ＧＭ,まあ中途半端でも「続く！！」で終わっちゃう覚悟なんで。グダグダにならないといいッスね……。,(0:38:56),
サントリナＰＬ,ツッコミは任せてください……。,(0:40:04),
ＧＭ,種族とクラスは仲良く分担してくださいね。かぶってても全員同じとかでも割と大丈夫ですが、いちおう本キャンペーン用だけのルールなんでせっかくだから！,(0:41:40),
サントリナＰＬ,ですよねっ……耳長族でヒーラーとかやりたいっ。,(0:42:06),
ロイスＰＬ,あ、種族は「後天的な半獣人（キツネ）」で職業は「冒険家」の予定ですが、他のプレイヤーと被らないようにするつもりなので被りそうなら書いといてください！こっちが合わせます！,(6:16:18),
アレイラＰＬ,えーと……じゃあフェアリーの商人かな……フェアリーやる以上は女の子？,(6:40:52),
ＧＭ,男フェアリーも有りですよ！,(13:20:38),
アレイラＰＬ,いいえ、いまのところ女子フェアリーでキャラ作ってます。,(13:21:18),
ヴァンＰＬ,生まれつき獣人(狐)にしようとしてた。前衛やる気です。,(13:29:23),
ロイスＰＬ,キツネやるなら自分はオオカミにしよう。,(13:46:42),
ＧＭ,半獣人で動物の特徴が出るのは耳と尻尾メインですから、種類は割となんでもいいかもしれませんね。ただ半獣人は原作をかんがみてもストーリー的にＭっぽくなりそうです。第一話で人間から半獣になりますから……。,(13:47:43),
ロイスＰＬ,ＴＲＰＧの世界に仲良しの薬は存在するのだろうか。,(13:50:28),
ハムイＰＬ,虫獣人はありなんですか。,(13:48:07),
ＧＭ,蛇ＯＫってルールに書いたので虫でもＯＫですよ！　でもハムイＰＬさん人間ポジションが好きそうなイメージなので、あえて皆さんあけてるのかなという雰囲気ですが。,(13:48:55),
ハムイＰＬ,平均をとって人間やってるだけですｗ,(13:49:26),
アレイラＰＬ,人間がいないのは危ない。,(13:48:44),
ハムイＰＬ,そろそろ輪を崩すPCを作らなければ。,(13:49:56),
ＧＭ,あ、このプレイはリプレイとしてまとめて、うちのサイトにアップさせていただく予定ですのでご了承くださーい。,(13:29:53),
ロイスＰＬ,|ω･｀)ﾊｰｲ,(13:43:51),
アレイラＰＬ,もちろんです。目指せ、片道ＴＲＰＧ出版！今回は話進めるタイプのキャラになる予定です。,(13:43:47),
ＧＭ,いまで中～後衛三人？癒し手と冒険家と商人ですかね。,(13:52:03),
アレイラＰＬ,フェアリーでも機敏で戦えばダメージが発生するハズ（死亡フラグ）　　←人間のＨＰ１３に対して、フェアリーはＨＰが５しかないんです。,(13:52:37),
ＧＭ,フェアリー商人は玄人ポジションですが、商人なら武器持てるようになるからちょっと強いんですよ、【重量増加】で。,(13:52:56),
ロイスＰＬ,こっちは、攻撃スキル持ってないですけど前衛張れる構成にしてます（中衛だこれ）,(13:53:08),
ＧＭ,前衛っぽいのは剣士　騎士。後衛アタッカーが狩人。癒し手は回復後衛。冒険家は遊撃中衛。商人はセージ＆交渉系後衛という感じでしょうか。,(13:55:05),
ハムイＰＬ,共有スキルでだれでも武器はつかえるのですよねー。だから資産有利な商人は装備で戦える予感。,(13:53:38),
アレイラＰＬ,フェアリーで重いものを持ち歩くのはちょっとイメージが……と思ってたら武器しかもてないことに気がついた日曜の午後。,(13:54:00),
,お金はペットにつぎ込んだ！ペットに道具を持ち歩かせるしかない！,(13:54:29),
ロイスＰＬ,ペットは将来的に飼いたいなー。大型の乗用ポメラニアン。,(13:55:45),
ＧＭ,ルールに【中型動物】の例『アルパカ』って書いたら誰か選ぶと思ったらそうでもなかった！,(13:56:41),
アレイラＰＬ,アルパカ欲しいですよ。欲しいですけど、お金が。,(13:56:56),
ＧＭ,商人は1000持ってるので1000シルバの【中型動物】に【弱そう】補正付けて700にするとか、しょっぱなから【価格交渉】するとかで安く買えます。【価格交渉】は１つにつき一回までな！,(13:57:34),
box,"<B>【アイテムの補正】</B>
　購入アイテムには、良い、悪い補正を付けることができます（『剣の巻物』による付与のような感じ）。
　基本的に、良い補正が付いたアイテムはより高価に、悪い補正が付いたアイテムはより安価になります。
　最初はみんなお金をあまり持ってないので、悪い補正を付けた安価な装備・使役動物が重宝されるでしょう。",,
,,,
ロイスＰＬ,アルパカって【騎乗】スキル適応できるのだろうか。,(13:57:53),
ＧＭ,動物欄のちょい下にもありますが【騎乗】は【大型動物】からですね。アルパカは【中型動物】。,(13:58:22),
,アルパカって調べたら50kgしかないみたいですよ。,(13:58:43),
ロイスＰＬ,もっとでかいイメージ有りました。,(13:59:14),
ハムイＰＬ,でかいヤギみたいなものですけん。,(13:59:05),
アレイラＰＬ,あ、しつもーん、カピバラに乗ってもいいですか？,(13:58:56),
ロイスＰＬ,ペット乗用って【大型動物】のみじゃ？,(13:59:46),
アレイラＰＬ,わたし、フェアリーなので。いや、なんか、みんなに置いていかれる光景が目に浮かぶので【乗用】にしたいんです。,(13:59:56),
ＧＭ,ルール上フェアリーは他人のカバンでノーダメージの旅ができるので、たぶん【乗用】動物いなくても不便しませんねー。それでも乗りたいなら【乗用】付きの動物と【騎乗】スキルが……。,(13:59:57),
,というかフェアリーって【乗用】補正がなくてもどんな動物でも乗れなくね？って感じがしますね。,(14:01:34),
アレイラＰＬ,ふふふ、いいですよ、ルール変更。,(14:01:51),
ＧＭ,【乗用】は動物の頑丈さや人間載せても怒ったりしないよう訓練されてるか、という意味なので、フェアリーの【小さい】に「乗用でない小型動物でも乗れる」効果を入れておきます。フェアリーは虫だ！,(14:02:34),
ハムイＰＬ,そうかフェアリーは虫だから別種族で行こう。,(14:03:40),
アレイラＰＬ,わーい、経験値ちょっと余裕が出来たぞー。お金、どうしようかなー。,(14:02:45),
ロイスＰＬ,[キャラクターシートがほぼ完成した],(13:59:14),
,,,
：：,"<TABLE class=""bgray"" cellpadding=""3"" cellspacing=""1"">
        <TBODY>
<TR>
      <TD class=""whiteblue"" align=""center"">名前</TD>
<TD class=""white"" align=""center"">ロイス / 男</TD>
      <TD class=""white"" align=""center"" rowspan=""6""><IMG src=""image/PC01_big.jpg"" border=""0""></TD>
    </TR>
<TR>
      <TD class=""whiteblue"" align=""center"">クラス/種族</TD>
      <TD class=""white"" align=""center"">冒険家/まだ人間（後天的な半獣人）</TD>
    </TR>
    <TR>
      <TD class=""whiteblue"" align=""center"">能力</TD>
      <TD class=""white"" align=""left"">　HP 15　MP 10<BR>
      　体力3　機敏4　知力3　意志1 / 残りEXP　0<BR>
      　　(成長 → 体力+1/10p、機敏+1/10p)　</TD>
    </TR>
    <TR>
      <TD class=""whiteblue"" align=""center"">スキル</TD>
      <TD class=""white"" align=""left"">　開錠(0p) <BR>
　地形サバイバル【森(5p)・遺跡(5p)】</TD>
    </TR>
    <TR>
      <TD class=""whiteblue"" align=""center"">装備/<BR>
      アイテム</TD>
      <TD class=""white"" align=""left"">　持ちにくい ダガー(0/2　攻:-1/0　重:1　120s）<BR>
      　重心が悪い レザークロス（2/1　防:1/0/0　重:2　240s）<BR>
      　アイテムポーチ&lt;小&gt; (0/1/1　重:1　200s)<BR>
      <BR>
      　回復薬（重:1） x2(ポーチ入り)　計120s<BR>
      　保存食（重:2） x2　　計20s<BR>
      <BR>
      　※装備の（）内は　（必要能力　性能　重さ　価格）</TD>
    </TR>
    <TR>
      <TD class=""whiteblue"" align=""center"">所持金/重量</TD>
      <TD class=""white"" align=""center"">所持金: 0シルバ　　重量: 10/25</TD>
    </TR>
  </TBODY>
</TABLE>",,
box,"【開錠】 クラス『冒険家』のスキル。MP2を消費して、開錠に挑戦できるようになる。
【地形サバイバル】 選んだ地形にいるとき、疲労判定・探索判定でボーナスを得られる。",,
,,,
ロイスＰＬ,最初弓取ってたんですけど、それ射手でいいよねって。,(14:04:18),
ＧＭ,おお、地形サバイバルスキルが2つも。ロイスＰＬさん渋い。渋いけどその選択は初っぱなから役に立ちますよ。サバイバル【遺跡】は罠判定にも使えそうですから想像以上に強そうですね。,(14:04:52),
ロイスＰＬ,冒険システム見てると、サバイバル能力と体力は最低3はないと厳しいかなーと。,(14:06:12),
ＧＭ,いちおう、減ってもすぐ【休息】で回復できるんですよ。,(14:06:36),
ロイスＰＬ,食料減っちゃうじゃないですか！,(14:06:59),
ＧＭ,食料使わずに冒険するつもりだー！（ガーン）,(14:07:19),
ロイスＰＬ,あと、地形サバイバル【平地】は取るメリット少ないかなーと。野生動物いそうですけど、それなら危険度がやや高まる【森】の方が。,(14:08:02),
ＧＭ,マジメだ……縁の下の力持ちプレイ応援してます。,(14:08:33),
ロイスＰＬ,ん？　クラススキルはキャラクター作成時点で8点消費で追加取得ＯＫなんです？,,
ＧＭ,キャラ作成時点では1個だけフリー取得です！今回は、作成時に8点使っても取れません。,(14:36:32),
ロイスＰＬ,ああ、よかった。,(14:36:52),
ＧＭ,取れたらクラススキル全部取っちゃって完成させちゃう人いるでしょおおお。,(14:37:16),
ハムイＰＬ,マンチキンは許されざるですぞー！,(14:37:51),
box,"<B>【クラス】</B>
　元の『片道勇者』と同じく、キャラクターは必ず【クラス】を選択する必要があります。
　ゲーム開始時に『クラス特有のスキル』を１つだけ経験値消費なしで得ることができ、
　以後は１シナリオ終えるごとに新たに１つずつ、経験値を支払って
　『クラス特有のスキル』を習得できます（もちろん、習得しないこともできます）。

　初期ルールでは　『剣士』『騎士』『狩人』『冒険家』『癒し手』『商人』の六種類のクラスが存在します。",,
,,,
アレイラＰＬ,（キャラクターシートを見せて） こんな感じで、どうでせう,(14:38:00),
,,,
：：,"<TABLE class=""bgray"" cellpadding=""3"" cellspacing=""1"">
        <TBODY>
<TR>
      <TD class=""whiteblue"" align=""center"">名前</TD>
<TD class=""white"" align=""center"">アレイラ　/ 女･12歳　　　　<BR>
      　　　＋　ミル（カピバラ･雄・3歳）</TD>
      <TD class=""white"" align=""center"" rowspan=""6""><IMG src=""image/PC03_big.jpg"" border=""0""></TD>
    </TR>
<TR>
      <TD class=""whiteblue"" align=""center"">クラス/種族</TD>
      <TD class=""white"" align=""center"">商人/フェアリー</TD>
    </TR>
    <TR>
      <TD class=""whiteblue"" align=""center"">能力</TD>
      <TD class=""white"" align=""center"">HP 5　MP 15<BR>
      体力1　機敏4　知力3　意志3<BR> / 残りEXP 5<BR>
      (成長 → 知力+1/10p)</TD>
    </TR>
    <TR>
      <TD class=""whiteblue"" align=""center"">スキル</TD>
      <TD class=""white"" align=""center"">小さい(0p)　　　飛行(0p)<BR>
      読み書き(0p)　　騎乗(0p)<BR>
      記憶術(5p)　　　修理Lv1 (5p)<BR>
      動物使役Lv1(5p)　鑑定(0p)</TD>
    </TR>
    <TR>
      <TD class=""whiteblue"" align=""center"">装備/<BR>
      アイテム</TD>
      <TD class=""white"" align=""left"" nowrap>　ニードル<BR>　　(0/1　攻:-1/0　重:1　150s)<BR>
      　帳簿・羽ペン・インクケース<BR>　象牙の印鑑<BR>
      　普段着(白い薄手のワンピース)<BR>
      　オモチャのティアラ<BR>
      <BR>
      　カピバラ(ミル♂・300s)<BR>
　　　　重量 6/10<BR>
      　→　モフモフブランケット<BR>
      　　　 グレイのカーディガン<BR>
      　　　 保存食（重:2） x 3　計30s</TD>
    </TR>
    <TR>
      <TD class=""whiteblue"" align=""center"">所持金/重量</TD>
      <TD class=""white"" align=""center"">所持金: 520シルバ　　重量: 1/1</TD>
    </TR>
  </TBODY>
      </TABLE>",(14:03:26),
box,"【小さい】 フェアリー専用スキル。どんな動物にも乗れる、隠密行動にボーナス、食料消費不要。
　　　　　 また、誰かの荷物にもぐりこんで旅をしている場合は疲労判定が不要になる。
【騎乗】 フェアリーなら自動取得。動物を乗りこなすことができる。動物に乗って旅すると疲れにくい。
【飛行】 フェアリーなら自動取得。飛ぶことができ、戦闘中は常に後衛にいることができる。
【記憶術】 意識して見ていなかったことを後から思い出すことができるスキル。判定は知力+2D6。
【修理Lv1】 壊れたアイテムを修理するスキル。使用回数はシナリオ中に＜レベル＞回まで。
【動物使役Lv1】 使役動物を＜レベル＞匹だけ飼い慣らせるスキル。
【読み書き】クラス『商人』のボーナス取得スキル。文字を読み書きすることができる。ないと文字が書けない。
【鑑定】 クラス『商人』のスキル。アイテムの鑑定が可能で、一度失敗してもMP5でより高度な鑑定ができる。",,
,,,
ロイスＰＬ,使いドコロがよくわからない【記憶術】取ってる！,(14:40:14),
ＧＭ,【記憶術】があると、たとえばこっそり忍び込んで帳簿全部盗み見て内容覚えられる（かもしれない）んですよ！　目標値14とかになるかもしれませんけど。,(14:41:48),
ロイスＰＬ,そう聞くとすごいチート能力。,(14:42:17),
アレイラＰＬ,うん、それです、商売人として、相手の帳簿を見て覚えるというのをやりたくて。,(14:42:38),
ＧＭ,スパイしてるぅー。,(14:43:02),
ロイスＰＬ,これでNPCと殆ど関わらない冒険セッションだったら商人は泣いていい。,(14:43:05),
ＧＭ,能力とクラスに応じていくらでも物語を創る準備はできているっ！,(14:43:42),
アレイラＰＬ,（検索して）笑った、ｗikiみたらカピバラ65kgまで成長する。,(14:07:08),
ロイスＰＬ,( ﾟдﾟ ),(14:07:29),
ＧＭ,（自分もWikipedia調べ直して）あ、カピバラってほんとに体重35～65kgまで成長するんだ……自分より重いや,(14:40:17),
アレイラＰＬ,じゃあ【中型動物】？？ も、モルモットにしますか……。,(14:40:36),
ＧＭ,小型カピもいると思いますからいいですよ！,(14:40:46),
アレイラＰＬ,よかった、カピバラさんに乗って冒険だー。,(14:41:01),
ロイスＰＬ,小型サイズなら置いてかれそうな。,(14:41:16),
アレイラＰＬ,次の目標は「訓練された：　どんな状況でも絶対に命令に従います。[価格＋元の価格x3]」をカピバラさんに付けるコト。,(14:43:09),
box,"<B>【使役動物】</B>
　キャラクターは【使役動物】スキルのレベル分だけ、使役動物を飼うことができます。
　使役動物の主な役割は荷物を運搬すること、荷物が全然持てないフェアリーにはほぼ必須です。

　なお、【勇猛な】の有利補正を持った動物なら戦闘もできますが、調教には莫大な費用がかかります。
　【小型動物】【中型動物】【大型動物】の3タイプがあり、主に体重で区分けされています。",,
,,,
ハムイＰＬ,理術師Eをやろうとおもったら理術師がいなかったでござる。,(14:10:56),
ＧＭ,まだシナリオもほとんどできてないので理力が未実装でござる！,(14:11:44),
ハムイＰＬ,バランス考えると騎士か剣士かー。もう俺はハダカにロングブレイド一本のサブラヒになるぜ！,(14:13:55),
ロイスＰＬ,防具が冗談抜きで気休めなんで着なくてもいいレベル。,(14:19:19),
ＧＭ,剣士で連続攻撃取って＋1D6系スキル持っておくと凄い攻撃ができますよ（ＨＰがもりもり減るけど）,(14:04:04),
ハムイＰＬ,人間/剣士　連続攻撃　剣修練　地形サバイバル砂　キャンプ　Eロングブレイド。,(14:25:08),
,捨て身も取れるけど能力あげようかな。,(14:29:16),
ＧＭ,このままだと誰も文字を書けないセッションになりそうでオラわくわくすっぞ（【読み書き】スキルがないという意味で）。あ、フェアリーだけ書けた。,(14:29:17),
ヴァンＰＬ,こっちも文字取ったもん。あとキャンプ取ります。,(14:29:24),
ＧＭ,すばらしい！,(14:30:02),
ロイスＰＬ,RPGの世界では一人文字が書ければ十分よ……（ただし別行動は除く）,(14:30:02),
ハムイＰＬ,よしできた（キャラシートを見せる）,(14:47:25),
,,,
：：,"<TABLE class=""bgray"" cellpadding=""3"" cellspacing=""1"">
        <TBODY>



<TR>
      <TD class=""whiteblue"" align=""center"">名前</TD>
<TD class=""white"" align=""center"">ハムイ/ 男</TD>
      <TD class=""white"" align=""center"" rowspan=""6""><IMG src=""image/PC04_big.jpg"" border=""0""></TD>
    </TR>
<TR>
      <TD class=""whiteblue"" align=""center"">クラス/種族</TD>
      <TD class=""white"" align=""center"">剣士/人間</TD>
    </TR>
    <TR>
      <TD class=""whiteblue"" align=""center"">能力</TD>
      <TD class=""white"" align=""center"">HP 14　MP 12<BR>
      体力2　機敏2　知力3　意志2 / 残りEXP 4<BR>
      （成長　→　HP+1/5p）</TD>
    </TR>
    <TR>
      <TD class=""whiteblue"" align=""center"">スキル</TD>
      <TD class=""white"" align=""center"">連続攻撃Lv1(0p)　剣修練(5p)　フェイント(8p)<BR>
      キャンプ(3p)　地形サバイバル[砂](5p)</TD>
    </TR>
    <TR>
      <TD class=""whiteblue"" align=""center"">装備/<BR>
      アイテム</TD>
      <TD class=""white"" align=""left"">　ロングブレイド（2/1　攻:+1/0　重:4　500s）<BR>
      　ふんどし（水色縞々）<BR>
      　ブリキのバケツ<BR>
      　白いマフラー</TD>
    </TR>
    <TR>
      <TD class=""whiteblue"" align=""center"">所持金/重量</TD>
      <TD class=""white"" align=""center"">所持金: 0シルバ　　重量: 4/20</TD>
    </TR>
  </TBODY>
      </TABLE>",(14:03:26),
box,"【連続攻撃 Lｖ1】 クラス『剣士』のスキル。近接攻撃時のダイスに3が出る限り最大Lv回まで連続攻撃。
【剣修練】 剣の攻撃力＋値を有効にできる。いくら攻撃力がある剣でも、これを習得しないと無意味。
【フェイント】 「機敏/2(端数切捨)+1D6」の分だけ敵の次の防御力を減少させる。
【キャンプ】 シナリオ中に＜レベル＞回だけ、休息時のＨＰ・MP回復量を【+2D6】ポイントだけ増加できる。
【地形サバイバル/砂漠】 砂漠にいる間の疲労判定・探索判定にボーナスを得ることができる。",,
,,,
ＧＭ,（出自設定を見て）おおー、サムライ系なんですね。,(14:48:36),
ロイスＰＬ,ああ、なるほど、サブラヒ。　　←詳細は後述の自己紹介にて語られます,(14:48:55),
ＧＭ,異世界キャラでも問題なしですよー、というか片道勇者は並列世界がすでに大量にある世界観！　にしてもガチガチ全身鎧系で来るかと思ったら布面積が少なそうな人になってるわ……（直前に「兵士Ｄでやる」というような話がチラリとあった）,(14:49:19),
ハムイＰＬ,お金が無い、哀しいかな、お金が無い。但し頭はバケツです。,(14:50:56),
ＧＭ,服は無料です。ってフン１で飛ばされたから買えないんだ！こんなのだともう遠慮無く街で「スタァァップ！！」ができますね。,(14:51:16),
アレイラＰＬ,お金なら貸したるでー。10日で10％の利息。,(14:52:00),
ハムイＰＬ,休むときはふんどしの中にWelComeしてもいいですよ。,(15:19:43),
アレイラＰＬ,カピバラさんの毛のほうにダイブします。,(15:20:04),
ＧＭ,4人とカピバラの冒険が今、始まる……！,(15:20:23),
アレイラＰＬ,カピバラメインやめて！　おかしい、キャラを変えたのに扱いがいつもと変わらない……。,(15:20:38),
ハムイＰＬ,運命（ディスティニー）ですよ。,(15:21:37),
ＧＭ,アレイラＰＬさんのネタ振り具合がすばらしいだけですよ。,(15:21:43),
アレイラＰＬ,うんめいなんて、ぶちこわしてやるんだわ！そして芸人じゃないんだわ！,(15:22:08),
ハムイＰＬ,そもそも何も積荷が用意されて無い商人ってどうやって取引するんだろう。,(15:22:50),
アレイラＰＬ,カピバラさんがフェアリー用の衣類や生活必需品を運んでくれます。,(15:24:13),
ロイスＰＬ,カピバラが逃げたら悲惨だ。,(15:24:28),
ＧＭ,いちおう、ルール的には交易品なんか買ってもいいことにする予定です。旅ですし（同じ街に売ってないものは高く売れる設定）,(15:23:42),
アレイラＰＬ,しょ、ショウニンとしての生活はそうなんですけど、世界の一大事に際して商人として生きるのでしょうか、わたしはヒロインとして頑張りたい（世迷言）,(15:26:25),
ＧＭ,あと動物はダメージ受けたら必死で逃げるよ！！,(15:24:57),
アレイラＰＬ,訓練された：　どんな状況でも絶対に命令に従います。[価格＋元の価格x3]　をカピバラにつけるから大丈夫だもん。,(15:27:05),
ロイスＰＬ,最初のセッションで逃げ出すカピバラが見える…。,(15:30:08),
ハムイＰＬ,カピバラは犠牲になったのだ。,(15:30:25),
アレイラＰＬ,カピバラといっしょに戦線離脱するよ！,(15:30:36),
ＧＭ,まあ【反抗的】じゃないから大丈夫！　誰か【反抗的】な【中型動物】買って大ピンチになるロールプレイをしないか楽しみですね。,(15:30:49),
アレイラＰＬ,カンガルーとボクシング対決ですね！,(15:31:12),
ロイスＰＬ,【壊れそうな】が付いた武具も扱い難しいなぁ、ファンブルは出ますよ。,(15:31:28),
ＧＭ,もっぱらドロップ品に使う予定なんですよ、【壊れそうな】装備は。,(15:31:47),
アレイラＰＬ,わたしが【修理】するよ！と言ってぶっ壊す。,(15:31:50),
ヴァンＰＬ,俺が【修理】するで！,(15:38:14),
ロイスＰＬ,ああ、壊れそうなをわざと買って修理するって手法も…どっちがお得なんだろう。,(15:40:36),
ＧＭ,限定された修理回数がジレンマを生み出すッ……！（といいなあ）,(15:41:32),
ンクＰＬ,どうもこんにちはー、えらく盛り上がってますね！,(17:07:19),
ＧＭ,こんにちはー、ンクＰＬさんも冒険に行きますか！,(17:07:37),
ンクＰＬ,では早速キャラメイクしてきますゲッヘッヘ。,(17:09:35),
アレイラＰＬ,おっす、おっす。,(17:09:46),
ンクＰＬ,伝説のセクハロール、アレイラＰＬさんじゃあありませんかどうもどうも。,(17:10:18),
アレイラＰＬ,……いきなり酷いわ……。,(17:10:30),
ンクＰＬ,褒めてます。,(17:10:40),
アレイラＰＬ,わーい、褒められたー。,(17:10:48),
ロイスＰＬ,hentaiロールのアレイラＰＬさんです。,(17:10:34),
ンクＰＬ,種族はもう網羅されてるんですね。迷いますね（棒）,(17:15:38),
,　　↑重度のケモナーなので聞くまでもないという意味,,
,,,
：：,"<TABLE class=""bgray"" cellpadding=""3"" cellspacing=""1"">
        <TBODY>



<TR>
      <TD class=""whiteblue"" align=""center"">名前</TD>
<TD class=""white"" align=""center"">ンク / 女</TD>
      <TD class=""white"" align=""center"" rowspan=""6""><IMG src=""image/PC05_big.jpg"" border=""0""></TD>
    </TR>
<TR>
      <TD class=""whiteblue"" align=""center"">クラス/種族</TD>
      <TD class=""white"" align=""center"">狩人/生まれつきの獣人</TD>
    </TR>
    <TR>
      <TD class=""whiteblue"" align=""center"">能力</TD>
      <TD class=""white"" align=""center"">HP 18　MP 7<BR>
      体力3　機敏3　知力2　意志2 / 残りEXP 5<BR>
      （成長　→　知力+1/10p）</TD>
    </TR>
    <TR>
      <TD class=""whiteblue"" align=""center"">スキル</TD>
      <TD class=""white"" align=""center"">能力看破(0p)　弓修練(5p)<BR>
      料理(5p)　マッピング(5p)</TD>
    </TR>
    <TR>
      <TD class=""whiteblue"" align=""center"">装備/<BR>
      アイテム</TD>
      <TD class=""white"" align=""left"">　重心が悪く持ちにくい壊れそうなショートボウ<BR>
      　　(3/3　命中:機+2D6　ﾀﾞﾒｰｼﾞ:体+1D6-1　重:4　160s)<BR>
      　矢筒(30本　重:1　100s)<BR>
      　マップキット(0/0/2　重:1　100s)<BR>
      　保存食x1(重:1　10s)<BR>
      　料理キット*3(重:1　計30s)<BR>
      　重心が悪く持ちにくい壊れそうなショートブレイド<BR>
      　　(2/2　攻:0/0　重:2　80s)</TD>
    </TR>
    <TR>
      <TD class=""whiteblue"" align=""center"">所持金/重量</TD>
      <TD class=""white"" align=""center"">所持金: 20シルバ　　重量: 11/25</TD>
    </TR>
  </TBODY>
      </TABLE>
",(14:03:26),
box,"【能力看破】 クラス『狩人』のスキル。知力＋2D6で成功すると、敵の能力や習性を知ることができる。
【弓修練】 弓を使いこなすことができる。これを持たない場合、弓系の武器を装備することはできない。
【料理】 食料を料理することができる。うまく料理できれば休息時のＨＰ・MP回復量をアップさせられる。
【マッピング】 地図を書く。道に迷いにくくなる他、書いた地図を街で売ることもできる。",,
,,,
ンクＰＬ,（【壊れそうな】装備ばかり買っている）　1ゾロは【壊れそうな】付き装備が壊れて、6ゾロは何も無しでＯＫでしたっけ？,(19:50:44),
ＧＭ,はい、6ゾロで直ったりはしません。,(19:50:53),
ロイス,6ゾロで装備が輝き出す…。,(19:51:11),
ンクＰＬ,6ゾロでゼヌーラ　　　　　　←！？,(19:51:46),
box,"<B>【装備の破損】</B>
　このTRPG内では、特別なことがない限り自然に武器・防具が壊れることはありません。
　しかし【壊れそうな】の補正が付いた装備は別で、これらを使った判定で1ゾロ（ファンブル）が出ると
　その装備は完全大破し、修理することも使用することもできなくなってしまいます。
　ただし、【壊れそうな】装備は、通常の半額で購入できるという利点もあります。",,
,,,
サントリナＰＬ,いま来ました！とりあえずキャラシートを……（キャラシート送信中）,(19:44:18),
,,,
：：,"<TABLE class=""bgray"" cellpadding=""3"" cellspacing=""1"">
        <TBODY>



<TR>
      <TD class=""whiteblue"" align=""center"">名前</TD>
<TD class=""white"" align=""center"">サントリナ / 女・18歳 (愛称：リーナ)</TD>
      <TD class=""white"" align=""center"" rowspan=""6""><IMG src=""image/PC06_big.jpg"" border=""0""></TD>
    </TR>
<TR>
      <TD class=""whiteblue"" align=""center"">クラス/種族</TD>
      <TD class=""white"" align=""center"">癒し手/耳長人</TD>
    </TR>
    <TR>
      <TD class=""whiteblue"" align=""center"">能力</TD>
      <TD class=""white"" align=""center"">HP 10　MP 15     <BR>
      体力1　機敏2　知力3　意志3 / 残りEXP 6</TD>
    </TR>
    <TR>
      <TD class=""whiteblue"" align=""center"">スキル</TD>
      <TD class=""white"" align=""center"">治療(0p)　読み書き(3p)<BR>
      キャンプLv2(6p)　料理(5p)<BR>
      地形サバイバル[森/山岳](10p)</TD>
    </TR>
    <TR>
      <TD class=""whiteblue"" align=""center"">装備/<BR>
      アイテム</TD>
      <TD class=""white"" align=""left"">　杖(1/0　攻:0/-1　重:3　100s）<BR>
      　アイテムポーチ中（1/1/2　重:１　300s）<BR>
      <BR>
      　【ポーチ入り】<BR>
      　　保存食（重:2） x2　　計20s<BR>
      　　医療キット（重:1） x2　計40s<BR>
      <BR>
      　【そのほか】<BR>
      　　お気に入りのイヤリング（ただの装飾品）<BR>
      　　花模様の五色石の指輪（ただの装飾品）</TD>
    </TR>
    <TR>
      <TD class=""whiteblue"" align=""center"">所持金/重量</TD>
      <TD class=""white"" align=""center"">所持金: 40シルバ　　重量: 10/15</TD>
    </TR>
  </TBODY>
      </TABLE>
",(14:03:26),
box,"【治療】 クラス『癒し手』のスキル。MP3と医療キットを消費し、10分かけてＨＰを意志＋1D6点回復。
【読み書き】 文字を読み書きすることができる。このスキルがないと文字が書けない。
【キャンプ】 シナリオ中に＜レベル＞回だけ、休息時のＨＰ・MP回復量を【+2D6】ポイントだけ増加できる。
【料理】 食料を料理することができる。うまく料理できれば休息時のＨＰ・MP回復量をアップさせられる。
【地形サバイバル】 選んだ地形にいるとき、疲労判定・探索判定でボーナスを得られる。",,
,,,
アレイラＰＬ,（キャラシート見て）　くそ、スパッツなのか！　なの！ あ、自分女の子だったなの！,(19:57:06),
,,,
：：,"<TABLE class=""bgray"" cellpadding=""3"" cellspacing=""1"">
        <TBODY>



<TR>
      <TD class=""whiteblue"" align=""center"">名前</TD>
<TD class=""white"" align=""center"">ヴァンローバー（ヴァン）　/ 男</TD>
      <TD class=""white"" align=""center"" rowspan=""6""><IMG src=""image/PC02_big.jpg"" border=""0""></TD>
    </TR>
<TR>
      <TD class=""whiteblue"" align=""center"">クラス/種族</TD>
      <TD class=""white"" align=""center"">冒険家/生まれつきの獣人（狐）</TD>
    </TR>
    <TR>
      <TD class=""whiteblue"" align=""center"">能力</TD>
      <TD class=""white"" align=""center"">HP 20　MP 7<BR>
      体力3　機敏4　知力1　意志2 / 残りEXP 1<BR>
      (成長 → HP+2/8p、 機敏+1/10p)</TD>
    </TR>
    <TR>
      <TD class=""whiteblue"" align=""center"">スキル</TD>
      <TD class=""white"" align=""center"">軽わざ（0p）　修理(5p)<BR>
      キャンプ(3p)　読み書き(3p)</TD>
    </TR>
    <TR>
      <TD class=""whiteblue"" align=""center"">装備/<BR>
      アイテム</TD>
      <TD class=""white"" align=""left"">　ダガー(0/1　攻:-1/0　重:1　150s) 　<BR>
      　レザークロス(1/1　防:+1/0/0　重:2　300s)<BR>
      <BR>
      　<B>保存食（重:2） x<S>19</S> → 10</B>　計100s<BR>
      <BR>
      　※装備の（）内は　（必要能力　性能　重さ　価格）</TD>
    </TR>
    <TR>
      <TD class=""whiteblue"" align=""center"">所持金/重量</TD>
      <TD class=""white"" align=""center"">所持金: 150シルバ　　重量: 23/25</TD>
    </TR>
  </TBODY>
      </TABLE>",(14:03:26),
box,"【軽わざ】 クラス『冒険家』のスキル。HP3を消費し、1回の行動に機敏+2することができる（全身運動のみ）。
【修理Lv1】 壊れたアイテムを修理するスキル。使用回数はシナリオ中に＜レベル＞回まで。
【読み書き】 文字を読み書きすることができる。このスキルがないと文字が書けない。
【キャンプ】 シナリオ中に＜レベル＞回だけ、休息時のＨＰ・MP回復量を【+2D6】ポイントだけ増加できる。",,
,,,
ＧＭ,あ、すみません誤植がありました！　保存食の重さは一覧だと1ですが正しくは2ですので！,(17:16:20),
ヴァンＰＬ,保存食に埋もれた（保存食たくさん買ったので重さ1→2になって重量オーバー）,(18:21:55),
ＧＭ,いくら獣人でもこんなに食べられないよ！,(18:22:16),
ヴァンＰＬ,他人と冒険する気満々なんです！多分！,(18:24:53),
ＧＭ,そしてお店の人に「こんなに持てないぞー」って言われるほほえましい展開があったに違いありません。,(18:25:33),
ヴァンＰＬ,きっとその場で9日分食べたんですよ！ (それでも10個持ってる）,(18:27:23),
ＧＭ,ゴクリ。,(18:27:31),
ロイスＰＬ,保存食って支給されるんじゃないんですか！,(18:28:31),
ＧＭ,報酬でもらえたり出発前にくすねてきたりとかそんな感じでゲットできる予定でしたが、皆さんマジメに揃えてるので、ないひとは飢えプレイにしてもいいかもしれない……。,(18:29:25),
ロイスＰＬ,うおおおシルバが、シルバが足りない！,(18:30:08),
ヴァンＰＬ,わけ与える気満々。,(18:31:20),
ＧＭ,なくても3日は死にませんからケチって【キャンプ】スキルで回復してもらう予定でもいいかもしれませんよ。ＧＭは飢えてるときのチュートリアルができると大興奮です。,(18:31:18),
ロイスＰＬ,（保存食を購入中）,(18:30:08),
ＧＭ,（って、結局買ってるー！）　それにしても各々の装備にすごく性格が出てて面白いですね。,(18:32:09),
,ちなみに一回の冒険で得られる経験値はだいたい8点くらいを予定していますので、次回以降の成長プランがある人はそれも考慮しておいてください。,(18:38:02),
,,,
,あ、ロイスＰＬさん、「後天的な獣人」のかわりに「まだ人間」って書いておいてもらっていいです？ ,(19:45:53),
,（データ共有して表示させています）,,
ロイスＰＬ,はーい。,(19:46:51),
ＧＭ,それでは、現状のデータをチェックさせていただきます！,(19:58:00),
,冒険家2人、商人1人、剣士1人、狩人1人、癒し手1人！バランス的には問題なさそうですね。,(19:58:23),
,キャラの男女比は半々、自分のシナリオだと女性が出やすいのでいいバランスじゃないでしょうか。,(19:58:42),
ロイス,種族バランスを足すと…？,(19:58:52),
ンク,この集団から洗ってない犬の匂いが。,(19:59:11),
ＧＭ,ケモ・ケモ・人・バケツ・虫・耳長！,(19:59:25),
アレイラＰＬ,虫あつかい。,,
ハムイ,本体はカピバラですからね,,
,,,
,,,
H,1. 旅立ちのとき,,
,,,
ＧＭ,では皆さんのキャラクターが一通りそろいましたので始めまーす！,(20:03:48),
,,(20:03:58),
,<B>～片道勇者ＴＲＰＧ　第一話　『出会い』～</B>,,
,,,
全員,よろしくお願いしまーす！,(20:04:03),
,,,
CCBIG,【ロイスの旅立ち】,,
,,,
ＧＭ,では順にＧＭと一緒に出自を語っていただきます。,(20:04:53),
,ロイスさんからどうぞー。基本は設定のコピペでいいですよ。,,
ロイス,ロイスは孤児院の出身であるため血の繋がった家族はいないが、,(20:05:59),
,慕ってくれる子供たちや親同然の神父(60歳くらい)がいる。,,
,将来的には大きく稼いで孤児院に不自由ない暮らしをさせてやりたいと思っている。,,
,…が、その事は今まで誰にも話したことはない。,,
,,,
,↓ここから先は未来の話,,
,ある事件を境に自身がどんどん獣化していく呪いを受ける。,,
,まだその効果は出ていないが、満月を迎える度にその呪いは少しずつ進行するという。,,
,その呪いを解くためには古代のアイテムが必要らしいが、,,
,それまで古代の知識を必要としなかったためにその手のツテは皆無、,,
,とりあえず情報を集めるための資金繰りから始める必要があり、,,
,結果的に今までと変わらない生活を送っていた。,,
,（ある事件の内容はまだ考えていない）,(20:06:51),
ＧＭ,ある事件は第一話が終わる頃に自動的に起きますのでご心配なく！,(20:07:09),
,ということはまだ孤児院を拠点に置いてる感じでしょうか？,(20:06:37),
ロイス,もう成人してどこかで生計立ててる感じですね。ただ定住してない感じです。,(20:07:19),
ＧＭ,なるほど、了解しました。出発時には神父さんに,(20:09:07),
,「無理はしてはいけませんよ、ロイス。いつだって私は、君の無事を考えているのですから」,,
,なんて言われて、子供達と一緒に見送られたりした感じ？,,
,（他の人もエキストラとして勝手にでてきていいのよ）,(20:09:58),
ロイス,そんな感じです,(20:10:43),
,「わかってるよ爺さん。たまには顔見せるから。皆も元気でな！」,,
アレイラ,子供達「ロイスあんちゃん、がんばってね！」,(20:10:56),
ＧＭ,子供達「ロイスお兄ちゃん行っちゃうのー？」　「おみやげ忘れないでねー！」,(20:11:05),
アレイラ,子供達「ロイス兄さん、わたしも大人になったらロイス兄さんを追います///////」,(20:13:07),
ＧＭ,という流れで別れを告げたロイス。しかしその先には過酷な運命が待ち受けていたのです……。,(20:11:46),
,,,
,他に何か言うことは！？,(20:12:25),
ロイス,（予想以上にアドリブ多くて困惑中）,(20:12:33),
ＧＭ,こっちも何も考えてませんよ！とりあえずぶつけてみる感じでゴーゴー！,(20:12:53),
ロイス,（考え中……）　「冒険王に、俺はなる！」,(20:13:07),
ＧＭ,「冒険……王……？」　神父さんは困惑した顔で見送りました。,(20:13:34),
,神父さんはもっとマジメに稼いでくれると思ってたのかもしれない。,(20:14:06),
ンク,（ロイスのキャラ崩壊の芽生えが）,(20:13:27),
ロイス,（実際もっと真面目なキャラなはずだった、はずだったはずだったんだ……）,(20:15:06),
,,,
,,,
,,,
,,,
CCBIG,【ヴァンローバーの旅立ち】,,
,,,
ＧＭ,では次はヴァンローバーさん、自己紹介どうぞ。,(20:13:06),
ヴァン,ヴァンローバー、スラム出身、ずっと兄弟の世話をしてきたが皆自立し,(20:13:54),
,夢だった一人旅をしている。,,
,仕事は人並み以上にし続け、兄弟の生活費をまかなってきました。,,
,自由になったので頑張ってためた貯金を使って旅をしている。,,
ンク,（もう若者卒業くらいの年齢な印象）,(20:14:57),
ヴァン,「一人っていうのも寂しいもんやで、どうせやったらやりたいことやってまおう,(20:15:16),
,（いつもの癖で食糧ばっかり買ってもうた）」,(20:16:39),
ＧＭ,ヴァンローバーさんも孤児みたいな感じだったんですか？,(20:15:13),
ヴァン,元大家族です。,(20:15:34),
ＧＭ,ははあ、なるほど。全員キツネ顔の兄弟！　獣人の国もあるので、そこの生まれだったんでしょうか？,(20:15:42),
ヴァン,獣人がたくさんスラムに追いやられている国って感じです、兄弟は皆別の町へ。,(20:17:18),
ＧＭ,ガーン！　じゃあ人間の国なんでしょうね。獣人の立場が弱い。,(20:17:23),
,弟A「俺、パン屋で雇ってもらえるようになったんだ！これで兄ちゃんにはもう不自由させないよ！」,(20:17:15),
,みたいな感じでそれぞれ独立した感じでいいんでしょうか！,,
ヴァン,そうゆう感じです。,(20:18:02),
ＧＭ,どこかで獣人のおばさんのパン屋のお店に雇ってもらえるようになったりした弟たちを見送り、ヴァンローバー君は自由になりました。,(20:18:54),
,いよいよ夢の、明るい旅の始まりです！,,
ヴァン,「旅をするために頑張って仕事したんや、精一杯たのしまなアカンなぁ」,(20:20:01),
ＧＭ,そしてまた、彼の背負い袋の中にはやたら大量の保存食があったのでした……,(20:20:35),
,（※このときは、まさかこの保存食好きがずっと続くとは思っていませんでした……）,,
,,,
,,,
,,,
,,,
CCBIG,【アレイラの旅立ち】,,
,,,
ＧＭ,では次！アレイラさんどうぞ！出自を語ってください。,(20:21:05),
アレイラ,ピンク髪の両脇ツインテール、安物おもちゃのティアラをのっけて、,(20:21:37),
,ちょっと釣り目、フレームレス眼鏡っ娘、,,
,八重歯がちょっと見えています、ぱっと見は可愛らしいがサイズが問題。,,
,そう、彼女はフェアリーだったのです。,,
,,,
,幼い頃といっても最近だが両親が行方不明になり,,
,途方にくれていたところ、拾ってくれたのが人間の商人レクさん（男・60歳）,,
,そこで商売を学んだ（つもりの）アレイラは野良カピバラのミルと出会い、,,
,フェアリー用の装備品を行商するようになったのです。,,
,直情的、守銭奴でケチンボ。ただし、自分には投資します。,,
,,,
,時には草木の下でモフモフブランケットを被って野宿する結構たくましい面もあったりします。,,
,草むらの中からモソモソとカピバラのミルが出てきて、人間の街へ、のそのそと歩いていきます。,(20:22:14),
,「ミル、今度はあの街で仕入れなの！」,(20:22:29),
,ミルは何も言わずノソノソと街へ向って歩いていくのでした！,(20:22:45),
ＧＭ,質問、カピバラってどう鳴くの！！　　←※カピバラロールをしようと気軽に聞いたつもりだった。,(20:22:58),
アレイラ,な！　 鳴かないんじゃないですか？,(20:23:08),
ロイス,ミル「かぴーばーら！」,(20:23:12),
アレイラ,え？,(20:23:18),
ＧＭ,なんかすごい流暢な英語で「カピバーラ！！」って言ってるカピバラが浮かんじゃったんですけど。,(20:23:45),
ハムイ,Copvipara！！,(20:24:32),
アレイラ,じゃ、じゃぁ、「かぴーばら！」で。,(20:23:29),
ＧＭ,カピーバラならまだ行ける！ＯＫ！ＯＫ！　　　← 一体何がＯＫなんだ……。,(20:24:05),
ンク,ｷｭﾙﾙﾙﾙｯって鼻を鳴らすそうですがこの際なんでもありですね。,(20:23:57),
アレイラ,もしかしたら、何かの呪いでカピバラの姿になってしまった人間かもしれませんよ！,(20:24:21),
ロイス,この世界の呪い怖い。,(20:24:34),
ＧＭ,ゴクリ……そのあたりの設定は自由なんですね（でも呪いはこれからなんだけどなあ……）,(20:24:35),
アレイラ,……いや、普通の野良でいいです。,(20:24:57),
ロイス,（調べて） ああ、カピバラって小型犬サイズなんですね、でっかい！,(20:28:32),
アレイラ,カピバラは中サイズということで（※カピバラの中サイズであって【中型動物】ではない）,(20:30:58),
ＧＭ,レクさんは優しいおじいさんなんですか？,(20:24:57),
アレイラ,レクさんは、実はアレイラをそれ系の『やばそうなお店』に売りつけようと思っていたのですが……。,(20:25:27),
ＧＭ,おおー、黒いおじいさんなんですね！,(20:25:40),
アレイラ,アレイラは、なんか、妙に上手い具合にあやしいお店から抜け出してきます。,(20:26:20),
,売られたという認識はありません。,,
ハムイ,（瓶につめて蜜漬けにするつもりだったんですね）,(20:26:35),
ＧＭ,（うーん貴族向けのペットショップかなー）,(20:26:38),
,それでレクさんは「まったく、しょうがない妖精だ」という感じで、やや放置気味にアレイラさんの世話をしたかんじなんですね！,(20:27:19),
アレイラ,そうですねー、あんまり食べないでしょうから、放置気味で大丈夫でしょう。,(20:27:45),
ＧＭ,その間に盗んだ怪しい商売スキルが、それまで何も持たなかったアレイラの生きる糧になったと。,(20:28:20),
アレイラ,そんな感じですねぇ～。なので、妖精の服とかも、いかがわしい服を商ったりします。,(20:28:38),
,でも、本人はカワイイ服だと思ってます。,(20:29:33),
サントリナ,（メイド服やナース服の素晴らしいラインナップが目に浮かぶ）,(20:30:10),
ＧＭ,ということはドライな関係だったんですね。アレイラが出て行くときも、何も言わずにフラっとですか？,(20:29:16),
アレイラ,レクさんは、あやしい商売がたたって当局に捕まったコトに。,(20:29:57),
ＧＭ,ブーッ,(20:30:06),
ロイス,( ﾟдﾟ ),(20:30:12),
ンク,（アカン）,(20:30:37),
ＧＭ,それじゃあレクさんは、「アレイラ、あとで助けに来てくれー！」　みたいな顔をしたまま引っ捕らえられていきました。,(20:31:08),
アレイラ,こういう時だけ身内顔なんだろうな、レクじいさん＾＾；,(20:31:32),
ＧＭ,「なあ、育ててやった仲じゃないか！頼むアレイラ！あっ、ああ～こら離せー！」,(20:31:56),
アレイラ,「亡きレク爺さんの分まで頑張るなの！　長いものには巻かれろってレク爺さんが言ってたなの！」,(20:32:50),
サントリナ,（おじいさんは星となったのです……）,(20:33:13),
ＧＭ,何も聞かなければ60歳おじいさんに育ててもらった暖かい話に見えたのにひどいオープニングになってしまった……。,(20:32:55),
ロイス,（アドリブの加速で当初予定してたストーリーともかけ離れてしまった感が）,(20:33:38),
アレイラ,（しまった！　今回は普通に話を進めるキャラを演じようとおもったのに！　まいっか！）,(20:33:58),
ハムイ,（普通なんてない）,(20:34:07),
サントリナ,（それが味ですね！）,(20:34:17),
ＧＭ,そうして、再びアレイラは流浪の身となったのでした……でも今度の旅はさみしくありません。今は、ミルがいるのですから！,(20:34:08),
アレイラ,おお、いい話になったっぽい。,(20:34:24),
ＧＭ,黒い過去を置いて旅に出るフェアリーの物語は、これから始まります……。,(20:34:47),
,,,
,,,
,ところがこの後、街に来たアレイラは……。,,
ヴァン,兵士「妖精の商人とは珍しいな、この町に何の用だ？」,(20:26:32),
アレイラ,「妖精向けの装備品の買い付けなの」,(20:27:05),
ヴァン,兵士「では通行証を見せていただこう」,(20:27:48),
アレイラ,「そんなもの、もってないなの！」,(20:28:02),
ヴァン,兵士「あら？こういう感じの紙、持ってないの？」,(20:29:24),
　　,街に入ることができなかったそうです……。,,
,,,
,,,
,,,
,,,
CCBIG,【ハムイの旅立ち・ンクとの出会い】,(20:35:13),
,,(20:35:30),
ＧＭ,では次はハムイさん！　って、何人かまとめてやろうと思ってたら、なんだかんだで一人ずつやっちゃってる！,,
ハムイ,ハムイは農民の子であった。城の近くには住んでいるものの、その城壁より中は殆ど入る事はなく人生を過ごしていた。,(20:35:45),
,城壁から時折遠征の為に姿を現す戦士『サブラヒ』。彼らの凛々しい姿をたまに見ながら、淡い憧れを抱くくらいであった。,,
,しかし近年、年に一度ほどサブラヒになる試練を受ける日があるという。,,
,ハムイはその試練を受ける事にした,,
,試練当日、魔法のふんどしをハムイは渡される。魔法のふんどしを身に付け見定められた物がサブラヒになると。,(20:36:34),
,ふんどしを着用したハムイは、その直後幻に包まれ、謎の声を聞く。,(20:36:36),
,己の意思や聞かれ最後に名前を聞かれ名乗った後、ハムイは闇の中へと飲みこまれるのであった。,(20:37:30),
ＧＭ,エスニック……というか、ぶっちゃけて中世日本みたいな世界からやってこられたんですかハムイさんは！,(20:36:36),
ヴァン,（試験内容が気になる…）,(20:37:09),
サントリナ,（ふん……どし……！）,(20:37:35),
ハムイ,風の強い夜　一筋の閃光と共にハムイは姿を現す。　しかしそこはハムイにとっては見たこともない土地であった。,(20:37:22),
,これがサブラヒの試練なのか。ここは一体何所なのか。ハムイは混乱の中で目を覚ます。,(20:37:39),
ＧＭ,（ハムイさんかっけぇ！ふんどしだけど）,(20:38:06),
ハムイ,しかし　一つだけ確実な事が解っていた。,(20:38:08),
,ふんどししか着ていない……。 そしてハムイは近くのバケツで頭を隠した。,(20:38:17),
ヴァン,（隠す場所違う！）,(20:38:26),
ンク,（変態だ）,(20:37:13),
サントリナ,（パンツじゃないから恥ずかしくない！）,(20:43:45),
ロイス,（なぜブリキのバケツが……）,(20:38:44),
ＧＭ,お、それならハムイさんのＯＰをちょっとストーリーに絡めちゃいますよ。,(20:39:00),
,マップにハムイが出現した地点を書き加えました。,(20:39:15),
,<img src=image/01_Map1.jpg border=1>,,
,,,
,ではハムイさん、あなたが現れてからバケツをかぶるまでの一部始終を見ていた女性がいます。ちなみにここは夜中の森！,(20:39:31),
ンク,ＧＭー、このシーンに居合わせてもいいでしょうか！,(20:39:38),
ＧＭ,いいですよ！さすがにこんな森で閃光は目立ちすぎる。,(20:40:28),
サントリナ,（これはおいしいですよね　自分も居合わせたい……）,(20:40:51),
ＧＭ,夜の森の中、薬草かごを持った妙齢（※ここでは「若くて美しい世代」の意）の女性が、ぽかんとした顔でハムイを見ています。,(20:40:28),
,（といってもハムイにはこの世界の文化が分からないから、それが変なことに気付けないんだろうなあ）,(20:40:55),
ロイス,（バケツかぶる文化）,(20:41:10),
ＧＭ,さてバケツをかぶったハムイさん、何かしますか？　弁解とか。,(20:41:19),
ハムイ,「ここはどこだ教えてくれ！俺はサブラヒになれたのか！」,(20:41:32),
ＧＭ,女性「あ、あの、いま光の中から出てきました……よね？」,,
,ンクさんも出てきていいですよ！,,
ンク,このやりとりの少し前、ンクは森の中で不思議な光がまたたくのを目にしました。,(20:41:54),
,一体何が起きたのか……好奇心に駆られひょいひょいと近づいていきます。,,
,,,
,ンクは女ネコビトの狩人の少女です。,,
,寒村に生まれ育ち、幼い頃から野山を駆け巡った経験からサバイバルに強くなりました。,(20:42:14),
,本人は至って元気に育ちましたが、貧しい生活を送る家族の負担を減らすべく、,(20:42:39),
,狩人としての技能を活かし傭兵として稼ぐために村を出て近くの都市へと旅をしている最中です。,(20:42:57),
ＧＭ,（みんな自分で稼ごうとしているのが偉いなあ）,(20:43:04),
ンク,森の中で目にしたのは、なにか覆面のようなものを被った半裸の男が女性に食ってかかる姿でした。,(20:43:54),
ＧＭ,（もしかしたらそう見えるかもしれない）,(20:44:20),
サントリナ,（これは通報したくなりますね！）,(20:44:10),
ンク,「なにをしている！その人から離れろ！」と叫んで弓に矢をつがえます。,(20:44:33),
ハムイ,なんか出てきた！,(20:44:42),
ＧＭ,ハムイさん、異世界に来て早々、矢で狙われてますよ。どうしますか？ しかも相手はネコビト！,(20:45:05),
ンク,耳ピーン。,(20:45:07),
ＧＭ,お互いの視点だとどっちが化けものなのやら！,(20:45:18),
ハムイ,向き直って「ここは何所だ！　サブラヒにはなれたのか！」　両手を広げてWhyのポーズ。,(20:46:02),
ロイス,（これ絵を起こしたら凄い絵面だろうなぁ）,(20:46:03),
ＧＭ,（誰か挿絵書いて）,,
アレイラ,[席を離れていたが戻ってきた]（なんてこった、席をはずしている間に面白いことになってるなの！）,(20:46:19),
ＧＭ,女性「ま、待ってください。この人は突然光の中からあらわれたんです。あら、でもやっぱり危ない人なのかしら？」,(20:46:30),
,どうしよう別の意味で危ないかもしれない。,(20:47:13),
ロイス,（このNPC、天然だ）,(20:47:42),
ンク,言葉は通じる前提でいいんですよね？　敵意は無さそうなことを察して弓は下ろします。,(20:48:23),
ＧＭ,夜中の森の中、不思議な組み合わせの3人の間に沈黙が降ります。,(20:48:33),
ンク,「さぶら…よく分からないがここは街の近くの森だ。一体どうしたんだ？」,,
,とりあえず女性とふんどしバケツとの間に割り込んで睨みます。,,
ハムイ,「カクガークシカジーカ　俺はサブラヒになろうとしただけだ。ここはどこなんだ、城にはどうやったら戻れるんだ？」,,
,,,
CC2,　　　　　　――しばしの沈黙――,(20:49:34),
,,(20:50:02),
,,(20:50:26),
ＧＭ,女性「……はあ、これじゃラチがあかないわ。ンクさん、この人を街につれていってくれる？（うちで養うのはちょっとヤだし……）」,(20:51:54),
ンク,露骨に嫌そうな顔をしますが、放っておくわけにもいかないので渋々うなずきます。,(20:52:12),
,,,
,「自分はンクという。さきほどは悪いことをしたな。あんたのいう城がどこにあるのかは知らないが、街まではあと少しだ。そこまでは一緒に行こう」,(20:52:54),
ハムイ,「とりあえず　ここは何所なのかわかる場所なら是非連れて行ってくれ」,(20:52:57),
ＧＭ,女性「じゃあ、お願いね、ンクさん」,(20:53:59),
ンク,「あなたもどうか気をつけて」　さらりと別れましょう。,(20:54:04),
ＧＭ,さて、ンクさん、ここで知力＋2D6で目標値8を振ってください。,(20:54:13),
ンク,2＋2D6　知力判定！  (ｺﾛｺﾛ…)   ダイス (3＋3) ＋ 2 ＝ 8　　成功！,(20:54:26),
ンク,セーフ！,(20:54:31),
ハムイ,ｾｰﾌ。,(20:54:29),
ヴァン,ｾﾌｾﾌ。,(20:54:52),
ロイス,（いきなりの判定こわい）,(20:55:15),
ＧＭ,ではンクさんには分かります。「いくらなんでもこんな夜中に女性が一人で森の中に薬草取りにくるわけないだろ……」と。それに気付いて振り返りますが、女性の姿はもう見えません。,(20:55:15),
ヴァン,（なにそれこわい）,(20:55:37),
ハムイ,「……？」,(20:55:57),
ンク,【能力看破】の使用は間に合いませんよねー。,(20:56:02),
ＧＭ,足跡に対して【能力看破】は使えますが、使うまでもなく普通の女性の足跡ですね。,(20:56:14),
,年齢は25くらいだったかな、と思いました。,(20:56:05),
サントリナ,（何者なんだー！）,(20:56:15),
アレイラ,（幽霊？　幽霊ですね？　後部座席はぐっちょりですか、ぐっちょりなんですね）,(20:56:05),
ハムイ,「女性が居ない」,(20:57:28),
ンク,「ああ、さっきの人だけどどうもひっかかってね……こんな夜中の森に薬草拾いなんてなあ」,(20:56:51),
ハムイ,「まさかあの女性はサブラヒの対をなすシノビ……」,(20:57:04),
ンク,「シノビとは…。世の中知らないことは沢山あるんだなあ」,(20:57:40),
ＧＭ,あれ、でもその気になったら足跡追跡できる気がする。追いますか？,(20:58:19),
ンク,追います！,(20:58:34),
ＧＭ,えーと足跡判定は……【地形探索】判定！　知力＋2D6でどうぞ。地形サバイバル森があれば＋3できます,(20:58:46),
ンク,2＋2D6　知力判定！  (ｺﾛｺﾛ…)   ダイス (3＋5) ＋ 2 ＝ 10,,
ハムイ,3＋2D6　知力判定　(ｺﾛｺﾛ…)   ダイス (5＋1) ＋ 3 ＝ 9,(20:58:56),
ＧＭ,6＋2D6　謎の女性の対抗判定（機敏＋サバイバル森）,(20:59:04),
, (ｺﾛｺﾛ…)   ダイス (6＋5) ＋ 6 ＝ 17　　　謎の女性の勝利！,(20:59:25),
ンク,ブーッ。,(20:59:28),
ＧＭ,では足跡は途中で完全に途絶えています。,(20:59:29),
サントリナ,（ダイス目的にすっごい途絶えてそう！）,(20:59:57),
ＧＭ,あなたがたの判定値だと鼻で笑わられてしまいそうなくらい足跡がないですね。,(20:59:48),
ヴァン,（シノビだー！）,(20:59:57),
ロイス,（アイエエエ！？シノビ！？シノビナンデ！？）,(21:00:10),
ンク,「この森は、なんだ。人が消えたり現れたりする森なのかな？」,(21:00:31),
ハムイ,「くそぅ　やはりヤツはシノビ…　でもこれで解ったサブラヒの試練なんだこれは」,(21:00:51),
ＧＭ,（シノビにもほどがある）　ということで、二人はこのまま帰らざるを得ませんでした。,(21:01:07),
ンク,「ところであんた、名前は？服を着てないのは普通なのかい？」,(21:01:27),
,好奇心旺盛で色々聞きながら歩いていきます。,(21:01:32),
ハムイ,名前はカクガクシカジーカで説明したという事で。,(21:02:32),
ンク,承知しました。,(21:03:08),
ハムイ,「今夜は寒い　そうだな布を1枚くれないか」,(21:03:06),
ンク,「なめしてない皮ならあるけど布はないなあ。ごめん」,(21:03:53),
,セクハラなのかそうでないのか特に気にせず。,(21:04:19),
ＧＭ,えっ、ンクさん裸！？,(21:02:43),
ンク,ぼろっちい服は1枚着てますがもちろん脱ぐ気はありません！,(21:05:30),
ハムイ,肩をあげて　ま　それじゃしょうがないなのポーズ。,(21:05:58),
アレイラ,（ヌコに抱きつけば温かい……かもしｒ……）,(21:06:22),
ＧＭ,ではンクとハムイの二人は朝焼けが広がりつつある中、街へ向けて歩き出すのでした……。,(21:06:37),
,二人ともちゃんとした服が着られるといいね……。,(21:06:27),
ンク,毛皮があるから恥ずかしくないもんな文化でございました。,(21:06:34),
サントリナ,（かわいいは正義ですよね）,(21:06:39),
ロイス,（ところで街入れるのだろうか）,(21:06:54),
ＧＭ,（謎です）,,
ンク,（あれ、通行証…）,,
ロイス,（通行証なんてなかった）,(21:05:43),
,,,
,,,
,,,
,,(21:06:47),
CCBIG,【サントリナの旅立ち】,,
,,(21:07:02),
ＧＭ,では次はサントリナさん最後です、どうぞ！,(21:06:52),
サントリナ,サントリナは、人知れぬ秘境の、美しい自然に囲まれて育ちました。,,
,山頂からのせせらぎに心洗われ、鳥のさえずりに耳を傾け、,(21:06:58),
,ひだまりの花に癒される、そんな暖かい日々を送っていました。,,
ＧＭ,すごい、他のみんなよりすがすがしいOPだ！,(21:07:03),
サントリナ,優しい同胞に恵まれ、家族に恵まれましたが、悩みがひとつ。,,
,それは、幼い妹の、不治の病。,(21:07:10),
,知識を得ることに貪欲な一族の皆総出でも、,(21:07:08),
,彼女の病の原因は何一つとしてわかりません。,(21:07:15),
,妹は一族総出の知識でなんとか命を繋いでいます。,,
,今は安定していますが、しかし、いつ容態が悪化するかわかりません。,(21:07:21),
ＧＭ,（あ、すがすがしいだけじゃなかった）,,
サントリナ,「私たちに分からないというのなら、答えは外の世界にならあるのかもしれない」,,
,サントリナはそう思い、外の世界に旅立つことを決意します。,(21:07:44),
,病床に伏せる妹のために。,(21:07:59),
,そして、妹を治すために身につけた自分の知識を活かし、外の世界を巡り、,(21:08:05),
,その病気と、治療方法について調べようと、,(21:08:21),
,今、初めて人里に辿りついたのでした。,(21:08:35),
ＧＭ,妹さんのサントリナさんの呼び方は「お姉さん」「お姉ちゃん」？,(21:08:53),
サントリナ,「おねえちゃん」でお願いします！,,
ＧＭ,妹「おねえちゃん、行っちゃうの……？」,(21:09:37),
サントリナ,「うん……ごめんね、でも大丈夫、きっとよくなるから、いい子で待ってるのよ」,(21:10:37),
ＧＭ,妹「うん……待ってる」,,
サントリナ,寝ている妹のおでこをなで、にっこりと笑って、扉に手をかけます。,(21:12:06),
,「じゃあ行ってくるね、すぐもどるからね！」,(21:12:23),
ＧＭ,それでは妹や村のみんなに見送られて、サントリナは出発しました。みんなの期待を一身に背負って……。,,
サントリナ,「て、カッコつけて出てきたはいいものの、知識だけの頭でっかちだから、人里なんて怖くて仕方ないのよね……イナカモノって笑われないかしら、とほほ……なんて弱音、皆の前じゃ言えないものね。すぐもどる、って皆に言った手前、しっかりしないと！」,(21:12:44),
,握りこぶしを作り、彼女は決意を新たにするのでした。,,
ＧＭ,さっきのカオスっぷりとは違っておそろしく綺麗にまとまった！　ありがとうございます！,,
サントリナ,どういたしまして！？,(21:11:18),
,,(21:12:26),
,,,
,,(21:13:00),
H,2．冒険の始まり,(21:13:04),
ＧＭ,ということは、割とみなさん色んなところから街に出ようとしている感じなんですね。,(21:13:07),
アレイラ,街から街へ、それが行商人の生活スタイル。,(21:13:11),
ンク,やはり裸族がいると話が引き締まりますね。,(21:13:17),
ＧＭ,ソ、ソウダネ。,,
ロイス,(´･ω･｀),(21:13:51),
サントリナ,腹筋が引き締まりそうです。,(21:14:31),
ハムイ,ふんどし的な意味で。,(21:14:52),
アレイラ,尻の穴が引き締まるんですね。……ごめんなさい。,(21:15:12),
HR,,(21:15:21),
,,,
,,,
ＧＭ,さて、個性溢れるオープニングその他で1時間が経過しました。次の目標は皆さんの合流です。,(21:15:31),
ロイス,町の酒場にいます！困ったときは酒場にいれば合流できる。,(21:15:30),
ンク,町の門で衛兵相手にしどろもどろです。,(21:15:21),
ＧＭ,皆さん割と街の入口でモヤモヤしてる感じですね！,,
ロイス,入れない人多すぎだー！？,(21:16:36),
ＧＭ,というか街に入れないなんて一言も言ってなーい！！（けどその設定は採用する！）,(21:16:41),
アレイラ,「うん？　アレを街にいれてくれるなの？」,(21:16:45),
ＧＭ,ではちょっと合流クエストの前に一つ事件を。これは一日前のできごとです！,(21:16:47),
,,,
,アレイラさん、街に入れないのもしょうがないし、街から出発するキャラバンについていって隣町まで行ってみようと思いませんか？,(21:17:18),
アレイラ,「お、それは好都合なの！」,(21:17:31),
ＧＭ,具体的にはマップ左上の「街」から右下方面に向かって出発しようとしているキャラバンを見つけます。,(21:17:56),
,<img src=image/01_Map1.5.jpg border=1>,,
,,,
アレイラ,「一緒にいくなの！」,(21:18:11),
ＧＭ,（いいねー乗ってくれる人大好き） ではそのキャラバンの一人の女性が、ついてくるあなたに気付きます。,(21:18:40),
,,,
,女性「あら妖精さん、あなたも南東に行くの？」,(21:18:44),
アレイラ,「そうなの。そこの街に入れなかったから、次の街へ行くなのよ」,,
ＧＭ,女性「なるほどね、うーん……ちょっと待ってて」,(21:19:03),
,,,
,といって女性はキャラバンの隊長に話をしにいきました。,(21:19:06),
アレイラ,「うん？　なんか美味しそうな雰囲気なの」,(21:19:17),
ＧＭ,そしてすぐ帰って来ます。,(21:19:29),
,,,
,女性「ついてきていいって！あなたもいらっしゃい！」,(21:19:49),
アレイラ,「わーい、アレも一緒にいくなの！」,(21:20:08),
ＧＭ,（これアレイラさんのオープニング聞いてると嫌な予感しかしない展開）,(21:20:17),
サントリナ,（売り飛ばしだー！）,(21:19:26),
ハムイ,（妖精は売れる）,(21:19:42),
アレイラ,（ちゃんと帰ってきますよ）,(21:20:35),
ロイス,（むしろキャラバンが襲撃されそう）,(21:20:58),
サントリナ,（ああ、たしかに……）,(21:21:07),
ＧＭ,ということで、アレイラはキャラバンについていくことにしました。,(21:21:20),
,このキャラバンは10名ほどと6頭の馬がいます。小規模な商隊ですね。,(21:21:32),
アレイラ,「馬車に乗せてもらうなの！」,(21:21:37),
ＧＭ,そうですね。フェアリーもといカピバラ一匹くらい荷物の上に乗ってても別に怒られません。,(21:21:59),
,むしろほほえましい雰囲気。,(21:22:26),
アレイラ,いや、カピバラメインじゃないですから！,(21:21:54),
ＧＭ,おじさん「その荷物を見る限り、嬢ちゃんも商人かい、ちっさい体でがんばるねえ」,(21:22:09),
ンク,（笑顔の裏でゲスい皮算用をするキャラバンメンバー）,(21:22:43),
ハムイ,（がんばるねぇ(ゲス顔））,(21:22:58),
ロイス,（馬車の端からカピバラの顔だけ出て走ってる絵を想像してほのぼのしてたのに、なんか他がゲスい！）,(21:24:20),
ＧＭ,（もう何も信用できない）,,
アレイラ,「がんばるなの！　カワイイ服とか、カワイイ服とか、カワイイ服なの！」,(21:24:51),
ＧＭ,おじさん「うんうん、がんばりな！」　と笑顔で応援してくれます。,,
アレイラ,「うんなの！」,(21:25:01),
ＧＭ,ちなみに途中で、さっきの女性から自己紹介されます。,(21:25:08),
,「私はテレサっていうの、あなたは？」,(21:25:05),
アレイラ,それには答えますよ。,(21:25:15),
,,,
,「アレは、アレイラっていうなの！」,(21:25:34),
ＧＭ,テレサ「あ、アレ……？」,(21:24:38),
ロイス,（アレｗ）,(21:25:48),
アレイラ,「こっちはカピバラのミルなの」,(21:25:14),
,「アレは、アレなの！」,(21:25:49),
ＧＭ,テレサ「へえ、アレイラちゃんとミルちゃんね、よろしくね」,(21:26:18),
ロイス,（森の女性と繋がるのかな）,,
ンク,（シノビ滅すべし…）,(21:26:17),
ハムイ,(シノビウォリアーテレサ）,(21:26:31),
ＧＭ,テレサの落書きがあるので貼ります。,(21:27:12),
,ぺた。,(21:27:27),
,"<img src=""image/01_Theresa.jpg"">",(21:27:38),
ロイス,（絵があった！）,,
アレイラ,（重要NPCだ！　追いかけろ！）,,
ヴァン,（シノビの人だー！）,(21:20:18),
サントリナ,（クノイチー！）,(21:22:24),
ロイス,（もう完全にシノビ扱いだこれ）,(21:23:22),
,,(21:23:46),
HR,,(21:23:59),
,,,
,,,
ＧＭ,ではそのまま南東に向けて移動し……マップの<B>A</B>地点で休息を取ることになりました。,(21:24:14),
,"<img src=""image/01_Map2.jpg"" border=1>",,
,,,
,時刻は16時。日が少し斜めになった頃、ギリアムというキャラバンの隊長がここで野営をするぞーと叫びました。いそいそと準備が始まります。,(21:26:45),
アレイラ,ぼーっと見てます。ミルはそのあたりの草を食べてるでしょう。,,
ＧＭ,さて、テレサが鼻歌まじりにキャラバンを離れていこうとしていきます。,(21:27:06),
アレイラ,おや？　ではテレサを追いかけましょう。,(21:27:25),
,,,
,「テレサ、どこいくなの？」,(21:27:34),
ＧＭ,テレサ,,
,「薬草を採りに行くの、夫には伝えてあるから大丈夫よ。ちょっといってきまーす」,(21:27:42),
アレイラ,旦那さんがいた！,,
,,,
,「アレも付いていくなの～」,(21:27:59),
ＧＭ,テレサ,(21:28:12),
,「（拒否する意味で）いいわよー、いつも私一人で行ってるんだから。あなたも休むのは野営の準備を手伝ってあげてからにして。ただでさえ手がたりないんだから、ほら！」,(21:28:04),
,,,
,テレサが指さすほうを見ると、テントの支柱が傾いてるのに支える人が足りなくて、大騒ぎになってます。,(21:28:04),
,,,
,「誰かー手を貸してくれー！！　じょうちゃーん！！」,(21:28:33),
ロイス,（妖精に手を借りる状態って……）,(21:28:54),
ヴァン,（ちからがたりない！）,(21:28:10),
ＧＭ,さっきのおじさんですね。,(21:28:15),
アレイラ,「えぇ～？　アレで役に立つかなぁ～なの」,(21:28:25),
ＧＭ,だって10人しかいないんですよ！,(21:28:49),
サントリナ,（ネコの手もかりたい！）,(21:28:55),
ハムイ,（カピバラの手も借りたい）,(21:29:06),
ンク,（手を貸してくれー！（ゲス顔））　　　←ンクさんさっきからずっとゲス顔ー！,(21:29:11),
アレイラ,ぶぅ～んと支柱に向って飛んでいきます。,(21:29:26),
ＧＭ,では手助けになったか体力＋2D6で判定してください。目標値は8。,(21:29:43),
ロイス,（ここで大人以上の力を見せつける妖精の姿が）,(21:29:46),
アレイラ,1＋2D6　体力で判定！　  (ｺﾛｺﾛ…)   ダイス (6＋1) ＋ 1 ＝ 8　ちょうど成功！,(21:29:42),
,,,
,「ふんす！　なの！」,(21:30:08),
ＧＭ,おお、セーフ！　では、アレイラの押しで支柱をまっすぐに戻すことができました。,(21:30:13),
ンク,（やだ……この妖精強い）,(21:30:15),
ハムイ,（質量なんてこの世界には些細な事）,(21:30:28),
ＧＭ,おじさん「ふー助かったよ、じょうちゃん小さいのに力持ちだなあ！」,(21:30:05),
アレイラ,「いやぁ、それほどでも、なのぉ～」,(21:30:58),
サントリナ,（妖精さんﾊﾟﾈｪ）,(21:31:17),
ヴァン,（きっと押しやすかったんだ）,(21:31:03),
ＧＭ,あとちょっとだけパワーが足りなかったんですよ、たぶん。,(21:31:37),
,で、そんなこんなしてるうちにテレサの姿は見えなくなってしまいました。,(21:31:33),
アレイラ,「あれ？　テレサがいなくなったなの。つまんないなの」,(21:31:49),
ＧＭ,（追ってもまたシノビ対決するだけやで……）,(21:31:59),
,さて、アレイラさんがそのまま野営の手伝いをするならそのまま夜になりますよ。,(21:32:11),
アレイラ,手伝いになるか分からないけど、出来ることはやりましょう。,,
ＧＭ,夕食になると、アレイラも晩ごはんを分けてもらえますね。,(21:32:25),
アレイラ,「はむはむ、おいしいなの」,(21:32:38),
ＧＭ,ではその夜……テレサは結局、帰ってきませんでした。,,
,,,
,みんなは「テレサ帰ってこねえなあ」という感じで食事をしています。,(21:32:50),
,隊長だけはやたらソワソワしてて、かなり気にしていますね。,(21:33:02),
アレイラ,隊長が旦那さん？,(21:33:13),
ＧＭ,話しかけても構いませんよ。ギリアムの容姿は以下のような感じです。,(21:33:47),
,"<img src=""image/01_Gilliam.jpg"">",(21:34:24),
アレイラ,「隊長が旦那さんなの？」,(21:34:00),
ＧＭ,ギリアム隊長「そうだが……ん？」,(21:34:10),
アレイラ,「アレが探してくるの！」,(21:34:14),
ＧＭ,ギリアム隊長「いや……隊商の長としては、それは許可できん……」,(21:34:34),
ンク,（怪しさ指数が急上昇）,(21:34:41),
アレイラ,「料金は１時間100シルバなの！」,(21:34:56),
ＧＭ,ギリアム「っておい、高いな！！」,(21:34:57),
アレイラ,「えー、だめなの？」,(21:35:01),
ヴァン,（掠め取ろうとした！？）,(21:35:32),←サバイバルの補足説明がワンポイント的にあると面白いかも
ＧＭ,ギリアム「いや、しかし……報酬次第で引き受けるというなら……だが……」,,
ロイス,（どっちがゲス顔かわからなくなってきた）,,
アレイラ,「じゃあ、どうするなの？」,(21:35:52),
ＧＭ,ギリアム「……テレサが帰って来ないところへおまえ一人をよこしても、おまえも帰ってこなくなる可能性が高いのだ」,(21:36:00),
,,,
,詳しく話を聞いてみると、テレサさんは地形サバイバルと環境サバイバル持ってて一人で移動しまくっても全然平気なタイプみたいです。,(21:36:01),
box,"<B>【(地形/環境)サバイバル】スキル</B>
　あなたが特定の【地形】【環境】にどれだけ慣れているかを表すスキルです。
　たとえば【地形サバイバル/森】を持っていると、森にいる間の【疲労判定】や
　【何かを探索するときの判定】で【+3】ものボーナスを得ることができます。

　【環境サバイバル】はそのお天気版のようなもので、【雨】や、【冷雪（寒い環境）】などでの
　【疲労判定】に【+3】のボーナスを得ることができます。

　【地形】は[平地/森/遺跡/砂漠/山岳]、【環境】は[穏やか/雨/冷雪/暴風/灼熱]から習得できます。
　【地形サバイバル】も【環境サバイバル】も、1種の地形、1種の環境ごとに経験値が必要です。",(21:36:17),
,,(21:35:29),
サントリナ,（凄いクノイチだ）,(21:35:50),
ハムイ,（やっぱ　シノビ）,(21:36:12),
ヴァン,（なにものすぎる）,(21:36:31),
ロイス,（あらあらうふふで駆け抜けるタイプだ）,(21:36:43),
アレイラ,「みんなで探すなのよ！」,(21:36:54),
ＧＭ,ギリアム「荷物は期日までに届けなければならん、遅らせることができんのだ……しくじったキャラバンがどうなるか、おまえも知っているだろう」,(21:37:43),
,,,
,でも、助けに行って欲しそうな顔をしています。,(21:38:06),
アレイラ,「ふむ、なるほどなの、アレは別に期限がないから探してあげるなの」,(21:39:04),
,（相場ってどれくらいなんですかね？　人探し）,(21:37:19),
ＧＭ,ギリアム「いや待て、というかフェアリー一人送り出すの不安すぎるんだが！？」,(21:37:39),
アレイラ,アレを信用してくれないなのぉ～……。,(21:38:16),
ＧＭ,フェアリーの一人旅がどれだけ過酷かアレイラちゃん分かってない。即死する可能性があるのに（ゲームルール上、『雨が降っている平地』で疲労判定に失敗した場合、そこで野垂れ死ぬ可能性がある）,(21:37:38),
アレイラ,これまでは上手い具合に生きてきたので変に自信満々なんですよ。,(21:38:15),
ＧＭ,ということで、この辺りで街に入るの諦めて移動してきた方はいらっしゃいませんかー！,(21:38:44),
,「話は聞かせてもらった！」展開も可！,(21:38:53),
アレイラ,「Σガーン、に、人数が増えると分け前が減るなのよ！」,(21:38:08),
ンク,（ハムイさん、出ますか）,(21:39:01),
ハムイ,（森からでてくるバケツとふんどしが！）,(21:39:02),
ンク,（ああっ、時系列的にはまだハムイさん出現前か！）,(21:39:38),
サントリナ,（町に入ろうとさまよっている人ならばっ）,(21:39:41),
ロイス,（これ街に入ったのが逆に失策だった！？）,(21:39:43),
ヴァン,（こっちも街の中ですぜ）,(21:39:45),
ＧＭ,（しまった微妙にタイミングがズレてる！ 出てきそうな人いねえ！）,(21:40:11),
ンク,（サントリナさんなら！）,(21:40:29),
サントリナ,（町に向かってる途中に鉢合わせれるかも）,(21:40:40),
ハムイ,（寧ろ先行し過ぎて追いつけない）,(21:40:52),
ロイス,（リプレイ時に編集するとして同じ夜にイベント起こったと書き換えれば！）　←※スーパーダイナミック編集！でも私はこういうハプニングは残したい派です。,(21:41:28),
ＧＭ,サントリナさんがいいですね。この後、ちょうど街に帰る途中の森の中の二人と合流できるチャンスも！,(21:41:42),
アレイラ,（アレ無双のチャンスだったのに）,(21:40:53),
ＧＭ,（そろそろ他の人に出番あげて！） にしても冒険家ェ……。,(21:41:04),
ロイス,（冒険家がふたりとも街にいる）,(21:41:12),
ヴァン,（冒険家だけ冒険してないなんてそんな馬鹿なHAHAHA）,(21:41:23),
ＧＭ,（じゃあ冒険家2人組はこの次に街からの合流シーンをもうけましょう）,(21:42:07),
,ということでサントリナさんはテントの後ろで話を聞いていたことにしてＯＫです！,(21:42:25),
サントリナ,はーい！,,
アレイラ,仕方ない、みんな、面倒見てあげるから、出てらっしゃい！,(21:42:50),
サントリナ,テントの後ろって言うと、たまたま近くで野営してたかんじでしょうか！,(21:43:09),
ＧＭ,そうですね。近くで野営してたけどいい人達だったら話をしてみようかな、って感じで聞いてたとか。,(21:43:00),
サントリナ,「あ、あらら……、どうかしたんですか？」,(21:43:10),
,,,
,一連の騒ぎを聞きつけて、アレイラさんたちに近寄ってくる耳長の女性が一人。,(21:43:26),
アレイラ,「テレサがいなくなったなの～」ぶ～ん。,(21:44:33),
サントリナ,ずっと賑やかなのは聞こえていたので、おそるおそる近寄ってみたら、さっきのテレサさんがいなくなったという会話が聞こえたかんじでした。,(21:43:33),
ＧＭ,ギリアム「ん……耳長人！　今日は珍しいものをよく見るな……ようこそ我らのキャラバンへ」,(21:43:55),
ンク,（“もの”）,(21:43:54),
ハムイ,（Ｍｏｎｏ）,(21:44:00),
サントリナ,（耳長も売られる！＞“もの”）,(21:43:33),
アレイラ,（やっぱりゲスキャラバンですか？）,(21:44:03),
ヴァン,（罠あるでこれ）,(21:44:48),
ＧＭ,（君たち、人が信じられないのは分かるけど疑いすぎ！）,(21:45:16),
ロイス,（ネコビトの中の人がゲスい方へと誘導しようとしてる…！）,(21:45:32),
ＧＭ,（戻って） ギリアム「うむ・・・テレサが・・・妻が薬草を採りに行ったまま帰ってこないのだ」,(21:45:54),
サントリナ,「あ、こんばんわ、どうも。それに関しては、私もご助力いたしましょうか。森歩きには少々自信がありまして……」,(21:46:41),
ＧＭ,ギリアム「確かに、耳長人は秘境に隠れ住む民だと聞いている……分かった。妖精よ、彼女と一緒に行ってみてはどうだ」,,
アレイラ,「わかったなの。えーと、耳長のおねえちゃん、いくなのよ！,(21:45:48),
サントリナ,「こんにちは、かわいい妖精さん。よろしくね。あなたのお名前は？　私はサントリナっていうの、リーナでいいわ」,(21:46:41),
アレイラ,「リーナなのね、アレは、アレイラっていうなの」,(21:47:07),
サントリナ,「アレちゃんでいいのかしら、よろしく」指を差し出して握手をします。,(21:47:13),
アレイラ,指だけつかんで握手。,(21:47:42),
ＧＭ,ギリアム「だが、おそらく君たちの命を危険にさらすことになる……」,(21:47:42),
サントリナ,「しかし、テレサさんも命の危機なのでしょう？　人として見過ごすわけにはいきません！」,(21:48:13),
ＧＭ,ギリアム「……そう言われては、ことわる言葉を持たんよ。都合できる金はないが、私たちの荷物を一部持っていくがいい。次の街でこのキャラバンは一週間ほど滞在する予定だ。もしテレサを見つけたら、頼む」,(21:48:05),
アレイラ,ぶーん、ぶーん、リーナの頭の周りを飛んでます。,(21:48:23),
サントリナ,「（いけない、羽音を聞くと反射で叩きとしたくなるわ……我慢……）」,(21:48:31),
ＧＭ,ギリアム「そして、もし妻に……テレサに会ったら伝えてくれ。　『俺が行ってやれなくてすまん』と」,(21:48:37),
サントリナ,「わかりました。旦那さんの愛情、きっと伝わっていますから」とニッコリと微笑みます。,(21:48:54),
ロイス,（伏線ぽい）,(21:48:59),
アレイラ,（離婚調停中とか言う伏線）,(21:48:37),
ロイス,（そんな話！？）,(21:49:38),
サントリナ,（なにその黒い伏線！？＞離婚調停）,(21:49:02),
ンク,（奥様はニンジャ）,(21:49:05),
アレイラ,（慰謝料の額が折り合わなくて邪魔になった、消す。）,(21:49:38),
ＧＭ,（え！？） ということで、キャラバンは持てるだけの「保存食」を分けてくれます。,(21:49:29),
アレイラ,「保存食だと割があわないなの！　現金なのよ！」,(21:48:44),
サントリナ,所持限界ギリギリである……。,(21:49:52),
ＧＭ,ってちょっと待てぇぇぇ、二人ともほとんど荷物の空きないじゃないですかー！,(21:50:04),
サントリナ,て、てへぺろ！,(21:50:10),
ロイス,（これやっぱり保存食は買わずにセッション始めたほうが良かったじゃないですかー！）,(21:50:18),
ヴァン,（あ、自分保存食あと一個持てる）,(21:50:22),
ＧＭ,まあ、たまたまキャラバンに会った人限定ですからねえ、とりあえずおじさんがミルに保存食2つ詰め込んでくれますよ。,(21:50:44),
ヴァン,（保存食は多い方がいい（真顔））,(21:50:44),
ＧＭ,また後で会ったときにくれるから！大丈夫！,(21:50:47),
,,,
,ギリアム「金がな……本当にないんだ」,(21:51:24),
アレイラ,「仕方ないなの、あとで貰うなの」じと目。,(21:51:16),
,,,
,「おじさんも商人なら分かっていると思うなの」,(21:51:24),
ＧＭ,ギリアム「ああ、次の街までこの荷物を届けられればまた当面の金ができる。礼はそこから出そう」,(21:51:40),
アレイラ,じと目。,(21:52:00),
サントリナ,「ええ、わかりました」,(21:52:19),
アレイラ,「この帳面に、借用書を書いてもらうなの」,(21:52:37),
サントリナ,「今は人命優先です、急ぎましょう！」,(21:52:49),
アレイラ,「借用ｓｙ……」 リーナにひっぱられて森の中へ。,(21:52:53),
サントリナ,「はーいアレちゃん行きましょうねー」ｽﾞﾙｽﾞﾙ。,(21:52:10),
アレイラ,たぶん、首根っこつかまれて運ばれますわ。ミルもノソノソついてきますわ。,,
ヴァン,（後衛二人が危ない場所へ…）,,
アレイラ,（アレは前衛なの！）　　←最大ＨＰ５,(21:51:18),
サントリナ,（ＨＰ最低ライン組である……）　←最大ＨＰ１０,(21:51:31),
ＧＭ,ギリアム「保存食ならいくらでも工面できるんだがな……」,(21:51:41),
,,,
,と二人が森の中へ行くのを見ながらぼやいてます。,(21:52:53),
ハムイ,（ぎりあむ「金はできる　そうこの虫を売ればね」）,(21:53:29),
ンク,（アウト）,(21:53:59),
ヴァン,（アカン）,(21:53:38),
HR,,(21:53:41),
,,,
,,,
ＧＭ,では超速ですが朝になりました。夜のイベントはもうこなしましたからね！（ふんどしとネコ）,(21:54:09),
ロイス,（夜のイベントって何か響きが卑猥ですね）,(21:54:24),
アレイラ,（ウチの爺さんの商売がはかどる、捕まってるけど）,(21:55:41),
サントリナ,（若い男女の……）,,
ンク,（半裸と薄物ネコである）,(21:56:23),
ハムイ,（期待のニューユニットバケツふんどしネコ）,(21:56:32),
ＧＭ,（なにこの空気……） では朝方、<B>B</B>地点で『森から出てくる二人（ハムイ・ンク）』と、『森に入ろうとする二人（サントリナ・アレイラ）』が合流する感じになります。,(21:56:56),
,"<img src=""image/01_Map3.jpg"">",,
,,,
ＧＭ,美しチームのサントリナ＆アレイラはテレサの足取りを追っています。,(21:55:27),
,出てきた変な二人組は、森の中で不思議な女性を見ています。,(21:57:23),
,サントリナ・アレイラ・ンク・ハムイさんどうぞー。,(21:55:33),
,,,
,それではバトル、スタート！,,
一同,（バトル！？）,(21:55:40),
ヴァン,（街スタートぇ…）　←　街に取り残されてる冒険家。,(21:57:56),
サントリナ,「あれ、人影が見える……あれがテレサさんかしら、って二人組……？」,(21:56:54),
ンク,「こんな朝早くからまた人に会うなんて、なんなんだろうこの森？」と独り言。,(22:00:41),
ハムイ,ふんどし！,(21:57:56),
アレイラ,「リーナは人間社会の事を知らないと思うけど、たぶん、あの人、ヘンタイなの！」,(21:57:52),
サントリナ,「ええ、人間社会のこと知らないので教えてくれるかしら、アレちゃん……あれはどういう状況なのかしら……」怖がり武器を構えつつ震えています。主にふんどしさんを見つめながら。,(21:58:23),
アレイラ,「でも、ヘンタイさんはお金を持っているってレク爺さんが言ってたなの！」,(21:58:36),
,たぶん、売られかけたお店には半裸の男性がいっぱいいたんですよ……金づるだと思っているんですよ。アレイラは。,(21:59:20),
ヴァン,（見事にこの場の全員別種族である）,(21:59:54),
ＧＭ,ンクたちとサントリナたちは森の境界で、緊張感あふれる空気の中、対峙しています。,(21:58:44),
サントリナ,PC的には話し合いを持ちかけてみたいです！,(21:59:13),
アレイラ,「あのヘンタイさんには、こういうカワイイ服が高く売れるなのよ！」,(21:59:14),
ハムイ,「虫だ　女子の虫と　奇怪な耳をした女性が」,(21:59:31),
ンク,「ハムイ、彼らは虫ではない。多分」,(21:59:45),
ＧＭ,（アレイラさん頼むー！向こうへの情報提供的な意味で「あんなの無視して早くテレサさんを探すの！」とか叫んでくれー！）,(21:59:52),
アレイラ,「は、ミルがテレサを探せって言ってるの！」,(22:00:19),
ンク,「ひょっとしたあなた達も何か探しに来たの？」と声をかけますよ。,(22:00:49),
アレイラ,「そうだった、テレサを探すなのよ！」,(22:01:04),
ＧＭ,（ふう、進みそうだ）,(22:01:05),
サントリナ,「あ、そうなんです。女性を一人見かけませんでしたか？　昨晩ここらへんに出向いてから、戻ってこなくって……旦那さんが大層心配してらっしゃるんです。どこかで行き倒れていないといいけれど……」,(22:01:19),
ンク,「女性とはひょっとして…」と風体を説明します。,(22:02:12),
サントリナ,「アレちゃん、テレサさんの容姿って、そんなかんじだった？」,(22:02:32),
アレイラ,「そんな感じなの～」,(22:02:15),
サントリナ,「じゃあきっとその人です！　ありがとうございます、最後に見かけたのはどのあたりでしたか？！　急いで向かわなきゃ！」,(22:02:57),
ンク,「ああ、知り合いなのか。こちらもちょっと気になっていたんだ。とにかく会ったところへ案内しようか？」,(22:03:09),
サントリナ,「有難うございます！　感謝の言葉もありません、お願いします！」,(22:03:42),
ハムイ,「そのものはシノビ！　追う手立てがあるなら俺もいくぞ！」,(22:01:56),
アレイラ,ミルにパイルダーオン！,(22:04:08),
ンク,ではＧＭ、「出」地点へ移動したいです。,(22:04:40),
,"<img src=""image/01_Map3.jpg"">　現在B地点",,
,,,
ＧＭ,はい、そこから近くなのですぐ移動できます。,(22:04:58),
,では元の場所に戻ってきました。朝になった今でも、森の中は少し暗いですね。,(22:05:13),
,（冒険家の人ヒマになっちゃってるなーごめんなさいねー）,(22:05:20),
ンク,「うーん、それで会ったというかなんというか…なあ？」とハムイに振ります。,(22:05:27),
ハムイ,「俺はここに現れたとき急に声をかけられたのだ」,(22:05:50),
サントリナ,「このあたりなんですね……って、急に現れたって何事？！」,(22:06:32),
ンク,「そこに私がやってきて、気が付いたら消えてたんだよ」,(22:07:19),
サントリナ,「なるほど……」,(22:07:37),
アレイラ,周囲を飛んで回ります。ぶーん、ぶーん。,(22:04:28),
サントリナ,「気になった所はあとにするとして、まずはお探ししなくては！　テーレーサーさーん！」,(22:04:37),
アレイラ,「テレサどこなのー？」ぶーん。,(22:05:43),
ハムイ,「あのものはシノビ！声をあげても姿を現すはずがない！　きっと我々を試しているんだ！」,(22:06:25),
サントリナ,「シノビって何！？ （っていうかその格好何！？　服着ようよ！　突っ込んだら負けなの！？）」,(22:06:49),
ＧＭ,おっと、ンクは【マッピング】スキルを持ってるんですね。,(22:07:43),
ンク,ばっちりマッピング中です！ はっ、マップキットは装備しないと意味がない！　装備してたことにしてもらえると助かります！,(22:09:04),
ＧＭ,では装備中アイテムにマップキット入れておきますね。,(22:08:22),
box,"<B>【マッピング】スキル</B>
　地図を書くことができるスキル。遺跡の位置や、構造などを記載した地図は良い値で売れる。
　能力を発揮するには【マップキット】が必要になる。

　迷わず進めたか【知力+2D6】判定するとき、さらに【+3】の補正が付く。
　作った地図のクオリティの判定も【知力+2D6】で行う。",,
,,,
ンク,足跡が途絶えたところまで案内はできそうですか？,(22:09:09),
ＧＭ,ええ、その前に、ンクは【マッピング】能力でサントリナたちが来た方向からテレサの行き先を推定することができそうだと気付きます。,(22:09:26),
ンク,おお、それでは長耳と妖精に足跡の方向を説明しながら歩いていきますね。,(22:09:55),
アレイラ,案内してもらえるならミルに乗ってた方が楽かなぁ……。,(22:10:25),
ＧＭ,ではそのまま進むなら、テレサがむかったであろう正しい方向に進めるかどうか、マッピング判定です！えーと。,(22:10:49),
,【マッピング】持ちなので、知力＋2D6＋3で判定できますよー。　　←【マッピング】補正で＋3,(22:11:02),
ンク,2＋3＋2D6　知力判定！   (ｺﾛｺﾛ…)   ダイス (3＋6) ＋ 5 ＝ 14,(22:11:21),
サントリナ,（お、これはイケる……？！）,(22:11:30),
ＧＭ,14、いい数値！では4人は、ンクの案内でテレサの向かったであろう方角へ進みます……。,(22:12:10),
,,,
,というところで、冒険者組を進めないとそろそろアレな気がするのでひとまずヴァンローバーさんのターンへ！,,
,4人はおいしいところで次回へ続く！,(22:11:36),
ンク,あ、自己紹介のタイミングを逃したのでもう済ませたことに！,(22:11:35),
サントリナ,了解です！,(22:12:11),
アレイラ,「アレはねぇ、アレイラっていうの、って、あれぇ？」,(22:12:48),
HR,,(22:13:03),
,,,
,,,
ＧＭ,さて、ヴァンローバーさんは街にいるんですね。,(22:13:09),
ヴァン,「ふいー、起きたはええけど、冒険するなら、仲間が欲しいとこやねー」,(22:13:51),
ＧＭ,では朝、その酒場のマスターが話しかけてきます。,(22:14:48),
,,,
,マスター「よぉ、あんた冒険家なんだって？よかったらこの地図かわねえか、朝買いとったんだが、本物かどうかわかんなくってよぉ」,(22:16:51),
ヴァン,「なんぼで売ってくれるん？値段によるわぁ」,(22:16:36),
ＧＭ,マスター「（うーん、こいつはまだ不安な地図だからな、むしろ金払って調査を頼むんだろうが……）じゃあ10シルバでどうよ？」,(22:16:56),
,,,
,なんかよく分からないけど地図としては破格に思えますね。,(22:17:11),
ヴァン,「えらい安ううってくれるやん、偽物と思ってるわけやね、おっちゃんは、貰わせてもらうわ」,(22:18:04),
ンク,（このマスター、黒い）,(22:18:17),
ＧＭ,マスター「まあまあ、かたいこというなって。この地図が正しいにしろ間違ってるにしろ、帰って来て話をしてくれたら2晩くらいタダにしてやるぜ」,(22:19:42),
,,,
,ということで、10シルバで地図を売ってくれます。お金を減らしてください。,(22:22:45),
,ってちょっとまって地図の重さ１ぃ！？　0です！　0！（資料を書き直している）,(22:22:59),
,,,
,地図にはこの周辺、アダマール草原の図が描かれており、Dの地点に×がついていますね。,(22:24:07),
,"<img src=""image/01_Map4.jpg"">　※矢印はDまで直線移動したときの経路",,
ヴァン,「なかなかに怪しい事やなぁ、とりあえず行ってもええけど、それだけの準備もしときたいところやなぁ」,(22:23:50),
ＧＭ,ではヴァンローバーさんは、酒場にたむろってて、自分と同じにおいを放っている人間の男性を見つけます。,(22:24:26),
ヴァン,「にーちゃん、一緒にここまで行ってみぃへんか？」,(22:24:23),
ロイス,「お？なんだなんだ」,(22:15:04),
ヴァン,「さっきおっちゃんから怪しい地図もろてなぁ、確かめに行ってくれたらなんかくれるらしいんよ」,(22:24:23),
ＧＭ,マスター「そうだそうだ、あの森は危険ってわけじゃあないが、二人のほうが安全だぜー」,,
,,,
,報酬は二日分の宿泊料タダサービスですね。,(22:24:50),
ロイス,「へー近くの遺跡の地図ねぇ、今更あの森に何かあるとは思えないが……まー今は何もやってないしな、いいぜ、乗った！」,(22:25:02),
ＧＭ,（話が早くて助かるなあ）,(22:25:11),
,,(22:25:12),
H,3.集う者たち,(22:25:21),
ＧＭ,ではここでついに！冒険の場に全員がそろったので！二つ名ロールです！,(22:25:20),
ロイス,ぱちぱちー。,,
ンク,ﾋｭｰｯ！,(22:25:22),
ハムイ,ﾋｬｯﾊｰ。,,
サントリナ,ﾜｰ。,,
ＧＭ,2D6を振って出た目に応じて名前の前に二つ名を付けてください。リストは以下の通り,,
box,"<B>【二つ名とは？】</B>
　キャラクターには、片道勇者でもおなじみの「弱そうな」「強そうな」といった【二つ名】がつきます。
　【二つ名】はシナリオごと、または物語の区切りごとにランダムで切り替わります。
　2D6を振って大きな出目の二つ名であればプレイを有利にすることができ、
　逆に小さい出目だと弱点が付いてしまいます。


<B>＜二つ名リスト＞</B>　2D6を振って決定します

　12 最強の 　2回も好きな出目に＋2できます（1度の判定で1回）
　　　　　　　　　ダイス振った後やダメージ判定後でも使用ＯＫ。
　11 優秀な　　1回だけ好きな出目を＋2できます。ダイス振った後やダメージ判定後でも使用ＯＫ。
　10 強そうな　1回だけ好きな出目を＋1できます。ダイス振った後やダメージ判定後でも使用ＯＫ。
　9　凄く硬い　ダメージ計算後、1回だけ任意のダメージを-2できます。
　8　元気な・かわいい・強気な・美しい　好みで選択、特に効果はありません、ポジティブ系。
　7　何もなし　　何もなし。普通が一番です。何もなくて寂しかったら「普通の」を付けてください。
　6　疲れた・けだるい・切ない・汚れた　好みで選択、特に効果はありません、ネガティブ系。
　5　エッチな 　エッチになります。ロールプレイのチャンスを逃さないで！
　4　ドＭな 　　ダメージを受けるたびに歓喜の声を上げてください。
　3　弱そうな　「目標値と同じ値で成功した判定」が1回だけ自動で1失敗扱いになります。
　2　最弱の　　「2D6の出目が4以下」になると1回だけ自動で1ゾロになります。
　　　　　　　　　早めに4以下を出さないと恐いですよ。",,
,,,
ロイス,2D6　 (ｺﾛｺﾛ…)   ダイス (2＋6) ＝ 8　　ポジティブ系,(22:25:30),
,ポジティブ！,(22:25:36),
アレイラ,2D6　  (ｺﾛｺﾛ…)   ダイス (4＋1) ＝ 5　　エッチな,(22:25:41),
,,(22:25:54),
,いつもどおりか……。,(22:25:42),
ハムイ,2D6　  (ｺﾛｺﾛ…)   ダイス (1＋3) ＝ 4　　ドＭな,(22:25:55),
ンク,2D6　二つ名判定   (ｺﾛｺﾛ…)   ダイス (5＋3) ＝ 8　　ポジティブ系,(22:26:07),
ヴァン,2D6　  (ｺﾛｺﾛ…)   ダイス (6＋6) ＝ 12 　ｸﾘﾃｨｶﾙ！　　最強の,(22:26:21),
,ここでクリティカルｗｗ,(22:28:47),
サントリナ,2D6　二つ名！   (ｺﾛｺﾛ…)   ダイス (6＋2) ＝ 8　　ポジティブ系,(22:29:05),
,ポジティブだー！,(22:29:53),
ンク,ヴァンさんが【最強】！,(22:30:05),
ハムイ,DOEM,(22:31:06),
ロイス,ふんどしでドMとは一体。,,
ハムイ,バケツももれなくついてくる。,(22:26:37),
アレイラ,（ダメだ、針でふんどしをつんつんする映像が頭の中に流れて死にそう）,(22:26:40),
ＧＭ,（ハムイ「あっ！あっ！（うれしそう）」）,(22:26:58),
ハムイ,（ドMならもっと強力な刺激でなければ）,(22:26:52),
ＧＭ,ポジティブな人は「元気な」「かわいい」「強気な」「美しい」から好きな二つ名を選択してください。,(22:27:08),
アレイラ,ふふん、ふふん。,(22:27:23),
ロイス,ポジティブおおいｗ,(22:27:37),
ハムイ,レッツポジティブシンキング。,(22:28:04),
サントリナ,「強気なサントリナ」にしておこうっ。,(22:28:05),
ＧＭ,さすが第一回だ、希望に溢れている。,(22:28:35),
,2D6　せっかくだしＧＭも振ってみましょう   (ｺﾛｺﾛ…)   ダイス (4＋3) ＝ 7　　何もなし（普通）,(22:31:06),
一同,普通……。,(22:31:32),
ハムイ,普通じゃしょうがない。,,
サントリナ,ふつうがいちばん……。,,
普通のＧＭ,じゃあ今回は普通で。,,
アレイラ,（ＧＭは【エッチなＧＭ】に名前を変更してください）,(22:26:35),
普通のＧＭ,（ふっ、今回はダイス神直々の命で【普通】なのさ）,,
,,,
；；,　　二つ名は、最終的に以下のようになりました。,,
,,(22:29:22),
CC1,　元気なロイス　　エッチなアレイラ　　　　　ドＭなハムイ,(22:29:42),
CC1,　強気なンク　　　最強のヴァンローバー　　強気なサントリナ,(22:30:18),
,,(22:30:40),
,,(22:31:04),
普通のＧＭ,ＯＫ？　では冒険家の二人は街を出ます！,(22:31:32),
,最強を取ったヴァンローバーさんは任意のタイミングで2回まで判定を＋２できます。,(22:31:58),
最強のヴァン,「ヴァンローバー、ヴァンって呼んでや」,(22:32:26),
元気なロイス,「おう、俺はロイスだ。よろしくな、ヴァン！」,(22:24:26),
,がっしり握手をかわします。,(22:32:40),
普通のＧＭ,と、いうことで冒険家タッグはマップのDに向かって直進しますか？,(22:33:03),
最強のヴァン,直進！,(22:33:33),
元気なロイス,ですなー。わざわざ迂回する理由が。,(22:34:50),
普通のＧＭ,では、二人は森に入っていきます。,(22:32:57),
最強のヴァン,「飯しか持ってへんけどよろしゅう」,,
元気なロイス,「何でそんな持ってるんだよ……まあ腐らないから別にいいか」,(22:33:11),
,呆れ顔ながらも「こっちが無くなったら分けてくれよな」と軽口を叩いて進みます。,(22:33:48),
最強のヴァン,「全然ええで！そのために買ったようなもんやからな！」,(22:34:20),
普通のＧＭ,実はかなりしっかりした地図があるから迷わないかな……,(22:34:53),
,ではヴァンローバーさんとロイスさんは知力＋2D6＋2で判定してください。,(22:35:12),
,道に迷わず進めたか判定です！,(22:36:17),
,（ここでだいぶ差がある数値が出て「あっち！」「いやこっちだ！」とモメる展開が期待できそう）,(22:36:50),
最強のヴァン,1＋2D6＋2 知力で判定！   (ｺﾛｺﾛ…)   ダイス (5＋2) ＋ 3 ＝ 10,,
元気なロイス,3＋2D6＋2　知力判定！   (ｺﾛｺﾛ…)   ダイス (1＋6) ＋ 5 ＝ 12,,
普通のＧＭ,おっ、似たようなもんですね。それならちょっとフラフラしましたが無事にDの地点に辿り着けます。,(22:36:41),
元気なロイス,「地図があるからって適当に進んだけど、なんとかなるもんだな」,(22:37:06),
最強のヴァン,「この地図しっかり出来とぉやん（いい買い物をしたと思っている）」,(22:37:52),
,,(22:37:16),
,"<img src=""image/01_Map4.jpg"">",(22:38:26),
普通のＧＭ,一日歩いた後……冒険家二人組は、D地点でばったり耳長と裸の男とネコ獣人とカピバラと遭遇します！,(22:38:37),
元気なロイス,「（裸のバケツ男を見て）へ、変態だー？！」,(22:39:20),
最強のヴァン,「人間は肌を隠す生き物やとおもっとったけど！？」,(22:39:30),
普通のＧＭ,ということでD地点で全員合流です！,(22:39:54),
,結局ンクたちは、Dの遺跡に向かって歩いてきたことになりますね。,(22:40:36),
強気なンク,「また新手か。あんたたちも人探しかい？」,(22:41:06),
最強のヴァン,「いや、この地図の場所に行ったらいいもんがあるかも知れへんからって聞いてなぁ」,(22:40:24),
元気なロイス,「ま、そういうこった」,(22:39:17),
強気なンク,「いいものねえ。そんなことより途中で籠を持った女の人を見かけたりはしてない？」,(22:39:57),
最強のヴァン,「このへんで人とはすれ違わんかったわ」,(22:40:50),
元気なロイス,「そうだな、そもそも人が来るような場所じゃないしな。誰かとすれ違ったなら気付くと思うぜ」,(22:40:47),
エッチなアレイラ,「じゃぁ、そっちのお兄さん方にはお金無しでいいなのね……(ﾌﾞﾂﾌﾞﾂ）」,(22:41:13),
普通のＧＭ,さて、D地点には目の前には墓所を思わせる巨大な遺跡がありました。裏手には山が広がっています。,(22:40:56),
元気なロイス,「にしてもでけぇな、なんだこりゃ？」　遺跡っぽいのを見ながら。,(22:41:18),
最強のヴァン,「でっかい遺跡やなぁ」,(22:41:32),
ドＭなハムイ,「これもシノビの試練だというのか！？」,(22:41:51),
強気なサントリナ,「（よかった普通の人と合流できた……）」,(22:41:56),
普通のＧＭ,1D6　んー誰にしようかなー左からX番目   (ｺﾛｺﾛ…)   ダイス ＝ 5　（※ハムイ）,(22:42:03),
強気なンク,なにかが半裸バケツドＭさんに降りかかろうとしている。,(22:42:16),
普通のＧＭ,ハムイがアレイラの「カゴを持った女の人」という話を聞いて周りを見渡すと、遺跡の前に薬草かごが落ちていることに気付きます。,(22:42:26),
,正確には遺跡に入りかけた階段のすぐ上。,(22:42:33),
強気なサントリナ,「あれは……！」,(22:42:55),
ドＭなハムイ,「これはシノビカゴ！」,(22:43:07),
最強のヴァン,「なんやそれは？」,(22:42:56),
強気なンク,「シノビカゴ…！つまりどういうことなんだハムイ！」,(22:43:25),
エッチなアレイラ,「テレサの持ってたカゴなの！」,(22:43:41),
ドＭなハムイ,「寒いからカゴの布を頂戴しよう…」,(22:44:07),
最強のヴァン,「ここに入って行ったみたいやなぁ」,(22:44:06),
元気なロイス,「テレサってのがさっき言ってた探してる人ってやつかい？」,(22:44:16),
エッチなアレイラ,「テレサなの、テレサを探しているなの」,(22:42:35),
元気なロイス,「ん？妖精もいたのか」,(22:43:10),
エッチなアレイラ,「こいつ失礼なの、アレもいたなの！」,(22:43:20),
最強のヴァン,「ちっこくてかわええなぁ、なんて名前なんや？」,(22:43:38),
エッチなアレイラ,「アレはアレイラっていうなの！」,,
普通のＧＭ,遺跡は階段を5段くらいのぼったところに高さ2mくらいの入口があり、奥には暗闇が広がっています。,(22:45:28),
,見た感じ、ひらべったい形状の遺跡みたいですね。,(22:44:58),
強気なンク,ＧＭー、追跡術か何かでテレサ、あるいは人が最近この遺跡に入ったかどうか確認できますか？,(22:44:59),
普通のＧＭ,足跡チェックですね、えーと何で判定できるかな……ではまず足跡の存在を判定するなら【地形探索】判定です。サバイバル「遺跡」補正（＋3）を加えて【知力＋2D6】で判定してください。全員振っていいですよ！　【サバイバル/遺跡】を持っているロイス君がカギだ！,(22:45:07),
強気なンク,2＋2D6　知力判定！   (ｺﾛｺﾛ…)   ダイス (3＋6) ＋ 2 ＝ 11,(22:45:35),
ドＭなハムイ,3＋2D6　  (ｺﾛｺﾛ…)   ダイス (2＋1) ＋ 3 ＝ 6,(22:45:50),
最強のヴァン,1＋2D6 知力判定！   (ｺﾛｺﾛ…)   ダイス (2＋5) ＋ 1 ＝ 8,(22:45:53),
元気なロイス,6＋2D6　知力判定！＋遺跡補正   (ｺﾛｺﾛ…)   ダイス (5＋2) ＋ 6 ＝ 13,(22:46:14),
エッチなアレイラ,3＋2D6 アレ知力   (ｺﾛｺﾛ…)   ダイス (6＋5) ＋ 3 ＝ 14　　最高値！,(22:46:15),
,ｷﾗｰﾝ。,(22:46:31),
普通のＧＭ,あ、ロイスの元気さよりアレイラのエッチさのほうが強かった！,(22:46:59),
元気なロイス,妖精スゲー。,(22:48:00),
エッチなアレイラ,「当然なのね！」,(22:47:00),
普通のＧＭ,ではアレイラは（足元に強い）妖精らしく遺跡の中へ続く足跡を発見します。足跡のサイズは成人女性くらい。,(22:47:17),
元気なロイス,「へぇ、見た目によらず凄ぇんだなお前」,(22:47:37),
最強のヴァン,「アレちゃん、なかなかやるやん」,(22:49:24),
ドＭなハムイ,「虫にしか悟られないシノビ　恐るべし」,(22:48:16),
エッチなアレイラ,「やっぱり遺跡の中に行ったみたいなの」（報酬のコトは秘密ｹﾞﾍｹﾞﾍなの）,(22:47:44),
最強のヴァン,（黒いｗ）,(22:47:56),
エッチなアレイラ,「みんな、アレに続けなのぉー！！」　ぶーん。,(22:48:19),
最強のヴァン,「誰かここには入ったみたいやけど、危ないなぁ、一人は危ないわ」,(22:48:36),
強気なンク,「そもそもあの人なんでこんなところに？」,(22:49:24),
普通のＧＭ,では、入る前に悲しいお知らせがあります。,(22:49:30),
エッチなアレイラ,はっ！？,(22:49:28),
普通のＧＭ,みなさん、一日歩いてきてるので疲労判定が必要です。下手すると寝てない人いるでしょ！,(22:49:43),
エッチなアレイラ,「ミル！　ミルにパイルダーオンなの！」,(22:49:43),
元気なロイス,（森サバイバル持ちだやったー！）,(22:50:35),
普通のＧＭ,ということで、疲労判定「穏やかな森」　【体力＋2D6】で　目標値8　ダメージ4を判定してくださーい。サバイバル森がある人は＋3して判定できます。,(22:49:55),
強気なンク,3＋2D6　疲労判定   (ｺﾛｺﾛ…)   ダイス (1＋1) ＋ 3 ＝ 5 　ﾌｧﾝﾌﾞﾙ！,(22:50:00),
,ﾌﾞﾜ。,(22:50:20),
普通のＧＭ,いきなりファンブルのときのことなんて考えてないよ！！（バァン！）,(22:51:08),
,ファンブったら単純にダメージ2倍とかですかね。,(22:50:35),
ドＭなハムイ,2＋2D6　  (ｺﾛｺﾛ…)   ダイス (2＋5) ＋ 2 ＝ 9　成功！,(22:51:06),
最強のヴァン,3＋2D6　  (ｺﾛｺﾛ…)   ダイス (4＋3) ＋ 3 ＝ 10　成功！,(22:51:14),
元気なロイス,6＋2D6 自動成功なんですがこれは…   (ｺﾛｺﾛ…)   ダイス (2＋3) ＋ 6 ＝ 11　成功！,(22:51:21),
普通のＧＭ,自動成功でもファンブルの可能性がありますので一応！,(22:51:50),
,あと、フェアリーはパイルダーオン（使役動物に乗る）でも、荷物に入るでも何でもできるので判定は不要ですが、やりたかったらどうぞ、動物に乗ってるので＋2です。,(22:52:15),
エッチなアレイラ,1＋2＋2D6　疲れたいｗ   (ｺﾛｺﾛ…)   ダイス (6＋1) ＋ 3 ＝ 10　成功！,(22:52:16),
,疲れない。,(22:52:21),
強気なンク,疲労で体力のほぼ半分を消耗するとかどんだけ自己管理できてないのこのネコ……。,(22:52:30),
元気なロイス,ほら、シナリオ開始前からずっと歩きっぱなしだったんですよきっと。,(22:52:48),
普通のＧＭ,おっとサントリナさん今いない？じゃあ代わりに振りますよ。,(22:53:02),
,1＋2D6＋3 サントリナさんの疲労判定   (ｺﾛｺﾛ…)   ダイス (5＋6) ＋ 4 ＝ 15　成功！,(22:53:07),
,ブーッ。,(22:53:03),
元気なロイス,ﾀｹｰ　　　　　←ＧＭやったときだけなぜか異様に高い目が出やすい気がします。,(22:53:06),
普通のＧＭ,ではほぼ全員成功で、ンクさんだけファンブルで4x2の8点ダメージです。　　ンクＨＰ 18→10,(22:53:11),
,なぜ一人だけボロボロなのか。,(22:53:35),
強気なンク,「ヌハアッ！」,(22:53:31),
最強のヴァン,「入る前から一人ふらふらなんやけどいっぺん休憩せぇへん？」,(22:53:31),
エッチなアレイラ,どんだけ疲れていたんです……。,(22:53:32),
元気なロイス,「おい、なんか体調悪そうだがそいつ大丈夫か？」,(22:54:00),
普通のＧＭ,森の中で足くじいたとかこけたとか蛇に噛まれたとか一斉にあったんですね。,(22:54:06),
エッチなアレイラ,「仕方ないなの、アレが添い寝してあげるなのよ！」,(22:54:16),
ドＭなハムイ,「寒いのか？さっきのスカーフでよければつかってくれ」,(22:54:18),
最強のヴァン,（ここで【キャンプ】スキルを役立てたい）,(22:54:40),
普通のＧＭ,【キャンプ】スキルもいいですけれど6時間休むことになりますね。,(22:54:56),
強気なンク,「だっ、大丈夫だ。我々獣人はこの程度の疲労は何の問題もないようにできているんだヌハアッ」,(22:55:08),
エッチなアレイラ,（強気なので、ここでツンデレ具合を発揮ですね）,(22:55:13),
普通のＧＭ,サントリナさーん！帰って来たら医療キットを使ってくれー！！,(22:55:15),
最強のヴァン,「休憩した方がええんとちゃうんこれ…」,(22:55:30),
エッチなアレイラ,「アレたちは人を探しているなの！」,(22:56:03),
普通のＧＭ,テレサさんに奇襲されても知りませんよ！　←※急いで遺跡の中に入って欲しいＧＭ。,(22:55:51),
エッチなアレイラ,（報酬がかかってるなの！　ｹﾞﾍﾍ）,(22:55:59),
強気なンク,「グワーッ！大腿四頭筋グワーッ！」,(22:56:01),
元気なロイス,まぁＨＰ5がいるから大丈夫、きっと大丈夫。,(22:56:24),
普通のＧＭ,ンクさん後衛だからなー別になー。あ！,(22:56:39),
強気なサントリナ,（ぎゃーすいません戻りました）,(22:56:48),
エッチなアレイラ,（リーナが戻ってきた！）,(22:57:38),
強気なンク,（お帰りなさいー）,(22:57:47),
普通のＧＭ,ンクさんが8点もダメージ受けてボロボロなので助けてあげてください癒し手さん！,(22:57:35),
エッチなアレイラ,道中、触手に襲われて大変なことに！,(22:58:17),
普通のＧＭ,さすがエッチなアレイラさんだ。,(22:58:36),
エッチなアレイラ,褒められた！,(22:58:51),
最強のヴァン,「なんかよお見たら自分耳長族とちがうん？初めて見たわぁ」,(22:59:06),
強気なンク,「問題ない。先に進もう」　真顔でそう言って遺跡に足を踏み入れていきますよ。,(22:59:09),
強気なサントリナ,医療キットどうしようｗ　タイミング逃したー！,(22:59:27),
普通のＧＭ,今モメてた分で10分経ってるのでもう治してあげてください。,(22:59:17),
強気なンク,（ＧＭがここまで治療を推すということはよほどの何かが…）,(22:59:42),
普通のＧＭ,（えっそういう判断基準に使われてた！？）,(22:59:49),
元気なロイス,（メタい！メタいよ！）,(23:00:19),
エッチなアレイラ,（よし、突撃だぁぁぁ！）,(23:00:23),
強気なサントリナ,というわけで、ＭＰ3消費と医療キット消費で！,(23:00:31),
box,"<B>【治療】スキル</B>
　クラス『癒し手』のスキル。医療キットとMP3を消費して、10分かけてＨＰを意志＋1D6点回復できる。
　簡単な状態異常も回復することができ、その際は意志＋2D6で判定。

　医療キットなしでＨＰ回復させることもできるが、ＨＰ回復量は1D6－2点になる。",,
,,,
普通のＧＭ,回復したＨＰは意志＋1D6でどうぞ！,(23:00:58),
強気なンク,残り点数が十分あることと、後衛なのとで治療しないのも普通にアリかと思ってました。,(23:00:44),
,では、ンクはサントリナに押え付けられて無理やり治療されるということですね。,(23:01:00),
強気なサントリナ,3＋1D6 回復！   (ｺﾛｺﾛ…)   ダイス 1 ＋ 3 ＝ 4　　ンクのHP 10→14,(23:01:13),
普通のＧＭ,出目1。,(23:01:57),
強気なサントリナ,これは……。,(23:01:59),
普通のＧＭ,ま、まあＨＰ14あったら十分だよね、うん……。,(23:01:47),
,ということでンクさんは4点回復してＨＰ14になりました。,(23:02:02),
強気なンク,「沁みるううううう！」,(23:02:05),
強気なサントリナ,「はーいおとなしくしてねー！　（って薬の痛みで差し引きあんまプラスになってないかもしれないけど、いっか）」,,
強気なンク,大体のケガはツバつけて直してきた獣人にとって治療はかなり刺激的だった模様。,(23:02:27),
普通のＧＭ,おっとやばい、もうこんな時間になってる！クライマックスシーンまで行くよー！,(23:02:51),
元気なロイス,遺跡入口ですでにクライマックス。,(23:02:54),
ドＭなハムイ,最初からクライマックスだぜ。,(23:03:14),
,,(23:03:54),
H,4.遺跡内部にて,(23:03:24),
普通のＧＭ,では遺跡の道を先に進んでいきます。,(23:03:46),
エッチなアレイラ,さぁ、ショウタイムだ！,(23:03:28),
普通のＧＭ,隊列はどうでもいいんですが能力的にはロイス君が先頭ですかね。,(23:03:58),
元気なロイス,んじゃ自分が先頭で罠を甘んじて受けましょう。,(23:04:08),
最強のヴァン,ＨＰが多いヴァンさんを前にやってもいいのよ。,(23:03:55),
,「アレちゃんちっちゃいのに商人やっとん？珍しいなぁ」,(23:04:19),
エッチなアレイラ,「アレ偉いなの！」,(23:04:20),
普通のＧＭ,細い通路を40メートルほど進むと、横25x奥行き40mくらいの空間が広がっています。,(23:04:23),
元気なロイス,「ほー、なかは結構広いんだな」,(23:04:25),
強気なサントリナ,「何か出そうで怖いわ……」,(23:04:55),
普通のＧＭ,両脇の壁には、黒い全身鎧が10mずつの間隔を開けて左右に合計6体、飾られています。,(23:04:49),
,よくある中世の鎧よりちょっとゴツめのイメージがする鎧です。,(23:04:35),
,"<img src=""image/01_Map5.jpg"" border=1>",,
強気なサントリナ,「すっごい動きそう、鎧とか……」,(23:04:46),
最強のヴァン,「絶対これ動くやつやん」,(23:04:56),
エッチなアレイラ,「この鎧を街で売りさばくなのよ！」,(23:04:34),
ドＭなハムイ,「これは見たこともない鎧…」,(23:04:49),
強気なサントリナ,「む、無理無理、絶対近づきたくないわっ……！」,(23:05:07),
元気なロイス,「おい、不用意に近付くなよ！」,(23:05:14),
エッチなアレイラ,ぶーん、ぶーん、せっきん！,(23:05:24),
元気なロイス,（アカン）,(23:05:38),
強気なンク,鎧が危険なものかどうか気配で探れますか？,(23:05:42),
普通のＧＭ,【能力看破】できますよー、使いますか？,(23:06:32),
強気なンク,スキルは使わずに知力か機敏で判定したいです！,(23:05:40),
普通のＧＭ,ああ、なるほど。では知力＋2D6で判定してください。全員やっていいですよ。,(23:05:58),
強気なンク,2＋2D6　知力判定！   (ｺﾛｺﾛ…)   ダイス (4＋2) ＋ 2 ＝ 8,(23:06:10),
普通のＧＭ,んー8じゃ分かりませんね。,(23:05:36),
最強のヴァン,1＋2D6 知力判定   (ｺﾛｺﾛ…)   ダイス (6＋1) ＋ 1 ＝ 8,(23:06:06),
,（知力一番低いやん…）,(23:05:43),
エッチなアレイラ,知力で判定してもいいなら、しちゃおうかしら。,(23:06:15),
エッチなアレイラ,3＋2D6　アレ知力   (ｺﾛｺﾛ…)   ダイス (5＋6) ＋ 3 ＝ 14,(23:05:41),
,ぶーん、ぶーん。,(23:05:48),
元気なロイス,「遺跡に残ってる鎧ってのは大抵怪しいもんだ」,(23:05:52),
元気なロイス,3＋2D6　知力判定！   (ｺﾛｺﾛ…)   ダイス (4＋5) ＋ 3 ＝ 12,(23:06:48),
普通のＧＭ,鎧はけっこうボロボロですね。,(23:07:00),
ドＭなハムイ,3＋2D6　  (ｺﾛｺﾛ…)   ダイス (1＋2) ＋ 3 ＝ 6,(23:07:03),
強気なサントリナ,3＋2D6 知力判定！   (ｺﾛｺﾛ…)   ダイス (6＋6) ＋ 3 ＝ 15 　ｸﾘﾃｨｶﾙ！,(23:07:08),
普通のＧＭ,お、来た！,(23:06:21),
強気なサントリナ,汚名返上！！,(23:06:23),
普通のＧＭ,では鎧ですが、クリティカルしたサントリナは確信しました。「これ、動く気配ない」,(23:06:23),
強気なンク,えっ。,(23:06:24),
強気なサントリナ,「なんだ……ただの鎧、じゃないの……」　ﾂﾝﾂﾝ……。,(23:06:56),
普通のＧＭ,ツンツンしても平気です。というか鎧にかまけてて説明忘れてたけど広場の真ん中にはテレサさんが倒れています。,(23:07:11),
エッチなアレイラ,がーん。,(23:07:11),
元気なロイス,ＧＭー！？,(23:07:31),
強気なンク,ﾌﾞﾜﾜ。,(23:07:23),
強気なサントリナ,一大事だー！？,(23:07:47),
エッチなアレイラ,「そっちの方が大事。報酬の種なのん！」,(23:08:48),
最強のヴァン,「周りの鎧に引かれて気がつかなかったけど、アレ人？」,(23:09:04),
エッチなアレイラ,(アレイラＰＬが)うん？,(23:07:35),
強気なサントリナ,「って、本当ね！？　なんで気づかなかったのかしら……あれがテレサさんよね！？」,(23:07:22),
普通のＧＭ,テレサさんは6体の鎧のど真ん中で倒れてます。,(23:07:58),
強気なンク,「あれが…シノビの家出人！」,(23:07:42),
ドＭなハムイ,「シノビは石畳で寝れるのか…」,(23:08:06),
最強のヴァン,「あの人大丈夫なん？」,(23:08:34),
エッチなアレイラ,ぶーん「テレサ～～～」,(23:09:02),
強気なンク,【能力看破】スキルを使いたいです！対象は倒れてる人。,(23:09:32),
,「あからさまに怪しいっ！」,(23:10:06),
普通のＧＭ,では【能力看破】！　知力＋2D6をどうぞ！　ＭＰ3を消費します,(23:10:22),
強気なンク,2＋2D6　知力判定！   (ｺﾛｺﾛ…)   ダイス (5＋3) ＋ 2 ＝ 10,(23:09:02),
普通のＧＭ,ではあのテレサさんは以前あった人物とまちがいなく同一人物だと分かります。能力は２：３：３：２。,(23:10:11),
強気なンク,意識の有無は分かりましたか？,(23:09:20),
普通のＧＭ,意識はありそうですが、演技している雰囲気はありません。近くに血の付いた短剣が落ちています。,(23:10:15),
元気なロイス,「おい、その短剣、血が付いてるじゃないか」,(23:10:28),
最強のヴァン,「誰の血やろね」場所的に見えていない。,(23:10:37),
普通のＧＭ,ってちょっと！色々説明する前に判定するから何説明したか忘れちゃったじゃない！えーと、あと奥には３ｍほどの超巨大な石の扉があります。,(23:10:38),
強気なンク,石の扉、動きそうにない鎧6個、血の付いた短剣、そして意識があって動かないシノビ。,(23:10:48),
エッチなアレイラ,テレサのもとに飛んでいって、ぴしぴし頬を叩きますよ。,(23:11:17),
普通のＧＭ,テレサは「来ちゃ……ダメ……」とアレイラに言います。,(23:10:53),
エッチなアレイラ,「死なれては困るなの、リーナはやく治療するなの！」,(23:11:49),
,ぶーん……ｗ,(23:11:13),
普通のＧＭ,テレサのＨＰは－２で、状態異常【負傷】です。,(23:11:43),
強気なサントリナ,「手当しましょう……！」,(23:11:44),
エッチなアレイラ,ゴーゴー！,(23:11:56),
普通のＧＭ,見ると、ふとももから血を流しているようです。スカートの上から刺されたようですね。,(23:11:59),
最強のヴァン,「どしたんどしたん？なんか事件？」,(23:12:17),
元気なロイス,「（短剣で刺されたってことは相手は人か？）」,(23:12:20),
強気なンク,さすがに誰の血が付いてるのか、なんてのは調べようがないですよね。,(23:12:33),
普通のＧＭ,周りの6体の鎧から見られているような、嫌な雰囲気です。,(23:12:29),
,1D6　謎ロール   (ｺﾛｺﾛ…)   ダイス ＝ 5　　←（ＧＭ：次は右から5番目の人にするか……じゃあロイスだ）,(23:12:49),
強気なサントリナ,最後の医療キットを使って、テレサさんを回復ってできますかねっ。,(23:12:49),
普通のＧＭ,できますよ、どうぞ。HP回復量は意志＋1D6点です。,(23:12:57),
強気なンク,「テレサさんだね！何があった！」と呼びかけます。,(23:13:08),
エッチなアレイラ,もうみんなテレサのまわりにいた！,(23:13:17),
普通のＧＭ,治療には10分かかります。,(23:13:21),
ドＭなハムイ,微妙に長い時間！,(23:13:30),
エッチなアレイラ,何も出来ないので、まわりを飛んでる。,(23:13:56),
普通のＧＭ,10分間のあいだ、それぞれの行動を教えてください。基本的には警戒？,(23:13:30),
強気なサントリナ,サントリナは治療に専念しています。,(23:14:05),
ドＭなハムイ,軽快な警戒。,(23:12:38),
エッチなアレイラ,警戒というか、好奇心で周りを見てます。もちろんテレサの心配はしてますよ、報酬の種ですから！,(23:14:16),
最強のヴァン,周りの鎧を触っている。,(23:14:21),
元気なロイス,鎧から若干距離を置いてるけど何か嫌な予感がしてる。,(23:14:30),
強気なンク,ンクはテレサから情報を聞き出そうとしたいです。,(23:14:46),
普通のＧＭ,テレサの意識はうつろで、話は難しそうです。ではまずサントリナさん、治療ダイスを振ってください。,(23:15:22),
強気なサントリナ,3＋1D6　HP回復ダイス！   (ｺﾛｺﾛ…)   ダイス 1 ＋ 3 ＝ 4,(23:15:41),
,（治療のヘタな子……）,(23:14:36),
元気なロイス,( ﾟдﾟ )……。,(23:15:04),
強気なサントリナ,（でもマイナスからは……復帰したからいいかなって……うん……）,(23:15:19),
エッチなアレイラ,（なるほど妹の病気は治らない……）,(23:15:33),
強気なサントリナ,（やめてあげて！）,(23:15:47),
,（きっとここから治療の腕が上がるんです……きっと……）,(23:15:38),
普通のＧＭ,では治療が終わる頃にはテレサのＨＰは2まで回復しますね。回復するまでの間……では嫌な予感がしているロイスさん。,(23:15:45),
,ロイスには、いま欲しいものや夢ってあります？お金？,(23:16:00),
元気なロイス,お金ですね、孤児院を養うための。,(23:16:01),
普通のＧＭ,なるほどー。,(23:16:18),
エッチなアレイラ,（現代のタイガーマスク！）,(23:16:23),
普通のＧＭ,2D6　謎ロールその2   (ｺﾛｺﾛ…)   ダイス (3＋4) ＝ 7,(23:16:34),
,ではロイスさん、意志＋2D6で振ってください。,(23:16:53),
元気なロイス,（ｷﾋﾞｼｰ）,(23:17:11),
,1＋2D6　意志判定！   (ｺﾛｺﾛ…)   ダイス (3＋5) ＋ 1 ＝ 9,(23:17:25),
,「……！」,(23:17:28),
普通のＧＭ,ではロイスはふと奥の扉を見た瞬間に直感します。,(23:17:41),
,この扉の奥には、ものすごく莫大なお金が眠っていると確信できます。,(23:18:12),
,あなたの周りの人間も、人を助けに来た振りをしてそのお金を狙っているに違いない、今すぐ開けて手に入れないと！,(23:18:23),
,と、心の底から思いました。,(23:17:35),
強気なサントリナ,（なんかいけない現象がー！）,(23:17:54),
エッチなアレイラ,（心の闇が……）,(23:18:23),
最強のヴァン,（黒い）,(23:19:03),
エッチなアレイラ,（お金ならアレも欲しいなのっ！）（ﾄﾞﾝﾄﾞﾝﾄﾞﾝ）,(23:19:16),
強気なサントリナ,（追加でかかってる子がいるー！？）,(23:19:39),
元気なロイス,「――へぇ」,(23:19:41),
普通のＧＭ,ロイスは扉に向かって徐々に歩き出します。,(23:19:43),
,あ、ロイスさん、扉を開けたい流れなら何でもご自由に演出どうぞ！,,
元気なロイス,顔はややうつむき加減、足取りは重くも徐々に扉に向かっていく。,,
強気なサントリナ,止めたいけど治療で必死。,(23:19:44),
エッチなアレイラ,「はっ、さっきまで元気だったおにいさんの様子がおかしいなの！」,(23:20:15),
強気なンク,様子がおかしいことに気づきたい！,(23:19:57),
普通のＧＭ,治療が終わりかけて、意識を取り戻しかけたテレサが弱々しく手を延ばします。,(23:20:16),
,「行っちゃ……行っちゃだめ……」,(23:20:30),
,あまりにかすれた小さい声で、周りの人には聞こえません。,(23:21:01),
元気なロイス,「――あるんだな、あの先に」,(23:20:52),
,小さな声でぶつぶつとつぶやく。,(23:21:40),
最強のヴァン,「急にうつむいてどうしたんや？ロイス大丈夫か？」,(23:20:27),
普通のＧＭ,残念ながら、声はロイスには届きません……。,(23:20:52),
ドＭなハムイ,「何か異様な空気が！」,(23:21:08),
最強のヴァン,「いやーな予感がするで」,(23:21:36),
普通のＧＭ,では、ロイスは扉の前まで来てしまいます。,(23:21:56),
元気なロイス,「――これだけの金があれば、あいつらは何も不自由しなくて済む―」,(23:21:58),
エッチなアレイラ,ぶーん、「どうしたなの？　どうしたなの？」ぶーん、ぶーん。,(23:22:03),
普通のＧＭ,お、アレイラはロイスに近付いたんですか？,(23:22:13),
エッチなアレイラ,頭の周りをぶんぶん飛んで、つぶやきを聞こうとします。,(23:22:13),
普通のＧＭ,おおっと、では頭から50cmくらいに近付いた瞬間、ドーンと雷のような衝撃がアレイラを打ちます！,(23:22:17),
,アレイラは1D6のダメージです、振ってください！,(23:22:20),
エッチなアレイラ,落ちた、かとんぼ……。,(23:22:38),
,1D6　ダメージ　  (ｺﾛｺﾛ…)   ダイス ＝ 3,(23:22:34),
普通のＧＭ,（ギャーあぶねええ！）　アレイラのＨＰが5→2になりました。,(23:22:55),
エッチなアレイラ,ﾎﾞﾛ……。,(23:22:50),
最強のヴァン,瀕死だー！,(23:23:24),
強気なンク,「アレイラッ！」,(23:22:52),
,床に落ちる前にキャッチします。,(23:23:18),
最強のヴァン,「おいおい大丈夫かいな」　ンクに近寄る。,(23:23:45),
エッチなアレイラ,「死ぬ前に一言……、蚊取り線香は、や……め……て……」,(23:23:48),
普通のＧＭ,アレイラが触れた一瞬、不思議なオーラがロイスをつつみこんでいるのが見えました。,(23:24:00),
ドＭなハムイ,「こいつが本当のシノビ！？」,(23:24:20),
元気なロイス,目の焦点が虚ろになりつつ、口元はやや歪んだ形で笑みを浮かべる。,(23:24:27),
普通のＧＭ,そして……ロイスはとうとう、扉に触れてしまいます。,(23:24:21),
元気なロイス,「はは、はははハハハハハハハハハ！！」,(23:24:34),
強気なンク,「ロイス貴様ッ！」,(23:24:44),
普通のＧＭ,ロイスはよく分からない呪文を唱え始めています。,(23:25:06),
,ロイスには、開けるためのコマンドワードが分かります。すでに知っていたかのようにすらすらと口が動きます。,(23:25:17),
最強のヴァン,「急にどうしたんや！よくわからへんで！」,(23:24:43),
強気なサントリナ,（アレイラ治療しないとおおおお）,(23:25:59),
エッチなアレイラ,「アレの為に争わ……ない……で……なの……（自分に酔ってる）」,,
元気なロイス,（ボケようか悩んでる）,,
強気なサントリナ,「アレちゃん！？」　治療中ですが、その事態に気づきます。もう治療は終わってていいですかね！,,
普通のＧＭ,ちょうど治療が終わったくらいでいいですよ！,,
,さて、ロイスの詠唱が完了するまで1ターンありますが、何かしますか？,(23:26:16),
強気なサントリナ,では早速、アレちゃんの手当をしたいですが治療キットがもうないので出目に祈ってください！,,
,,,
box,"※【治療】スキルは【医療キット】なしでも使うことができますが、回復量が【1D6-2】になります。
　 どのみち治療には10分かかるので、この場面では使えません。",(23:26:10),
,,(23:26:15),
,,(23:26:22),
普通のＧＭ,残念ですが、アレイラの治療には10分かかるので今の状況だと……。,(23:26:46),
強気なサントリナ,（もう振ってる）1D6-2 アレちゃん手当　 ,(23:26:26),
,(ｺﾛｺﾛ…)   ダイス1 - 2 ＝ <B class=dc>-1　（ﾄﾞｽｯ！）　アレイラに１のダメージ！</B>,(23:27:01),
エッチなアレイラ,（ドリフの爆発ネタですか！）,(23:26:37),
強気なサントリナ,（また出目1……なんか呪いかかってんじゃないかな）,(23:27:05),
普通のＧＭ,（しかも殺してる！？）,(23:27:03),
強気なサントリナ,（え、治療ってマイナス出たらダメージなの！？ｗ）,(23:27:18),
エッチなアレイラ,（殺される……仲間に殺される……間違って動脈切っちゃったとか？）,(23:28:07),
強気なンク,（これは酷い治療）,(23:27:25),
普通のＧＭ,（こんなところでクソ吹いた）,(23:27:32),
最強のヴァン,（体力で羽交い絞めにする感じで）,(23:28:57),
強気なサントリナ,（10分かかるならどのみち【治療】はできませんねテヘヘ。妹が治るはずないな！！）,,
エッチなアレイラ,（妹、逃げて！）,(23:24:43),
強気なサントリナ,（癒し手としては医療キット無しのときの-2でマイナスになっちゃっても回復値0で済むといいなって……思います……いやあフェアリーは解剖のしがいがあるわね、ってアレちゃああああん！？　ってロールをやりかねない！）,,
元気なロイス,（治療で人にダメージを与えてる癒し手って…）,(0:04:53),
ドＭなハムイ,（治療していると思ったら解剖している）,,
エッチなアレイラ,（仲のよい姉妹だと思っていたのに、夜な夜な妹に対して実験を……恐ろしい……）,,
,,(23:24:43),
；；,※結局、【治療】スキルでマイナスが出た場合はノーダメージとすることになりました。　アレイラのＨＰ1→2,(23:29:59),
,,(23:24:51),
強気なサントリナ,良かった、仲間を解剖するマッドヒーラーになるところだった……。,(23:25:54),
,,(23:26:44),
,,,
普通のＧＭ,では他にロイスの詠唱完了前に行動したい人！,(23:27:13),
エッチなアレイラ,……アレはＨＰ2なので何もしませんなの！（宣言）,(23:27:51),
強気なンク,あまり縁がないので容赦なく止めにかかりますよ。素早く弓を構えてロイスの脚狙いで射撃攻撃します。,(23:28:05),
普通のＧＭ,ではンクの射撃命中判定をどうぞ！ロイスは回避できません。,(23:28:35),
強気なンク,2＋2D6　射撃命中判定！   (ｺﾛｺﾛ…)   ダイス (5＋2) ＋ 2 ＝ 9,(23:28:53),
,3-1＋1D6　射撃ダメージ判定！   (ｺﾛｺﾛ…)   ダイス ＋ 2 ＝ 6,(23:29:11),
普通のＧＭ,えーとロイスは特に回避してない＆機敏も4なので必中！,,
,では矢がロイスに当たりかけた瞬間、また雷のような音が鳴って矢がはじき返されました。,(23:29:11),
最強のヴァン,「！？」,(23:29:34),
普通のＧＭ,あなたがたは理力というものの存在を聞いたことないので完全に未知の「魔法」を見た気分ですね。,(23:30:10),
強気なンク,「何が起こったんだ！？」,(23:30:21),
強気なサントリナ,「何なの、何なのよぅ！？」軽く錯乱しています。,,
,,,
普通のＧＭ,それでは、ロイスが詠唱を終えてしまいます。その直後、扉から膨大な光が放たれます！,,
,辺りは真っ白に染まりました！,,
最強のヴァン,「まぶしいのは苦手やねん！」,,
普通のＧＭ,ロイスはすさまじい光に包まれます。,,
,,,
,光の中で、ロイスの脳裏に不思議な光景が頭に浮かびます。,(23:30:43),
,,,
,あなたの目の前に4人の小さな人間がいます。,,
,一人は人間、一人は獣人、一人は耳長人、一人は半獣人です。,,
,よく見るとハエのような何かが、その近くに飛んでいます。,,
,,,
,辺り一面には闇の障気がただよっていますが、彼らは平然としています。,(23:31:13),
,5人はマントやケープなど、それぞれほのかに光を放つ不思議な布を,(23:30:57),
,身にまとっており、それが闇の霧を遠ざけているようです。,(23:31:13),
,,(23:31:25),
,5人は剣や槍など各々の武器をかかげ、あなたに向かって何やら呪文を唱えました。,(23:31:35),
,その直後、耐え難い眠りが襲ってきて、目の前が暗くなってしまいます。,(23:31:25),
元気なロイス,「（っ…なんだ……）」,,
エッチなアレイラ,（ハエって、ハエって……）,(23:31:42),
普通のＧＭ,（スケール的に小人とハエですよ！）,,
強気なサントリナ,（ハエｗ）,,
ドＭなハムイ,（ハエなら仕方が無い）,(23:32:03),
普通のＧＭ,そこでロイスは意識を取り戻します。,,
,,,
,その直後！,,
,,,
,『ドォォン！！！』と轟音を立て、扉と周辺の壁が内側から強烈な力で破壊されます。,(23:32:34),
,近くにいれば即死しかねないほどの威力で瓦礫が飛んできました、,(23:32:31),
,,(23:32:37),
,ロイス以外の全員は、ダメージを受けなかったか【機敏＋2D6】で判定してください。,(23:32:23),
,10以上出れば無傷ですが、失敗したら失敗分だけダメージを受けてください。,(23:32:28),
,地形サバイバルの【遺跡】があると判定に＋3でき、ＭＰ1で仲間に＋2が可能です。,(23:32:41),
元気なロイス,（遺跡持ち自分だけのような、渡せるのかな）,(23:32:58),
普通のＧＭ,（っておおおーいサバイバル遺跡要員んんん！　ロイスはまだ行動不能です、ごめんね）,(23:33:03),
元気なロイス,（ﾃﾞｽﾖﾈｰ）,(23:33:17),
最強のヴァン,4＋2D6　  (ｺﾛｺﾛ…)   ダイス (5＋6) ＋ 4 ＝ 15　　ノーダメージ！,(23:33:32),
エッチなアレイラ,「はははははっ、みなさん、さようならなの！」,(23:33:37),
強気なンク,咄嗟に側転回避！　3＋2D6　機敏判定！,(23:33:30),
,3＋2D6　機敏判定！   (ｺﾛｺﾛ…)   ダイス (3＋3) ＋ 3 ＝ 9　　1点のダメージ！　　HP14→13,(23:33:25),
ドＭなハムイ,2＋2D6　  (ｺﾛｺﾛ…)   ダイス (1＋3) ＋ 2 ＝ 6　　　4点のダメージ！！　　HP14→10,(23:33:44),
普通のＧＭ,（ドＭだ）,(23:33:35),
最強のヴァン,（どMだ）,,
元気なロイス,（甘んじてダメージを受けるドM）,(23:33:50),
ドＭなハムイ,「ｵｵｵｩ！」,(23:33:54),
強気なサントリナ,2＋2D6 機敏判定！   (ｺﾛｺﾛ…)   ダイス (2＋4) ＋ 2 ＝ 8　　2点のダメージ！　HP10→8,(23:33:58),
ドＭなハムイ,「こ、これが試練」,(23:34:03),
エッチなアレイラ,アレは機敏4だから6が出ればいいなの、出る、きっと出るなの！,(23:34:17),
,,(23:34:30),
,2D6＋4　アレ死にまーす   (ｺﾛｺﾛ…)   ダイス (6＋4) ＋ 4 ＝ 14　　ノーダメージ！,(23:34:52),
普通のＧＭ,（せめて誰か【かばう】があればなあ……） おお！,(23:34:59),
エッチなアレイラ,すげぇ勢いで避けた。,(23:35:22),
強気なンク,さすがムシ。,(23:35:20),
ドＭなハムイ,虫にはあたらない！,(23:35:31),
普通のＧＭ,アレイラと絶好調のヴァンローバーはがれきを華麗にかわしました。,(23:35:53),
,他も少々傷を負ったものの、致命傷ではありません。,(23:36:01),
最強のヴァン,「あっぶないなぁ」,(23:36:03),
強気なサントリナ,「アイタタた……」,(23:36:15),
エッチなアレイラ,あ、ミルは？,(23:36:25),
普通のＧＭ,ミルもいるなら判定してあげて……！,(23:36:36),
エッチなアレイラ,2D6＋1 機敏1でＨＰ5しかないんですけど   (ｺﾛｺﾛ…)   ダイス (1＋3) ＋ 1 ＝ 5　　5点のダメージ！　HP5→0,(23:36:37),
強気なサントリナ,（さようならミル）,(23:37:09),
普通のＧＭ,ぐおおおお！　ミルううう！！　大丈夫まだ息はあります！！,(23:35:09),
元気なロイス,（逝った）,,
強気なンク,（カピバラアアアア！）,,
エッチなアレイラ,……なんてことなの……。,(23:36:51),
普通のＧＭ,ＨＰが-10になるまでは死亡しませんから平気ですよ、このメンツ実は回復薬も持ってるし！,,
元気なロイス,こんな時用の回復薬ですが、なんと持ち主が行動不能という,,
普通のＧＭ,では続きを。さて、扉の目の前にいたロイスですが、おどろくことに、,,
,当たる直前で瓦礫が何かの膜によって弾かれているのが見えました。,(23:37:26),
,ロイスは無傷です。,,
,,,
,扉の中にいた何者かはさっきの破壊で上空に向かって飛び立っていったようで、,,
,扉から先は遺跡の天井が崩落し、空が見える状態になってます。,(23:37:49),
,,(23:38:14),
,そこから見える空は、異様なほど『真っ黒』です。,(23:38:27),
,真っ暗というレベルではありません。RGB値000の完全な漆黒！,(23:37:37),
,,,
,あ、ロイスさんはそろそろ動けるようになりますよ。空を見上げて茫然としています。,(23:37:46),
元気なロイス,「―っ…俺は…一体……」,(23:38:17),
最強のヴァン,「ロイス！正気に戻ったんか！」,(23:38:06),
元気なロイス,「ヴァン…か…？」,(23:38:29),
普通のＧＭ,空は謎の闇に包まれ、徐々に黒い霧が降りてきているように思えます。,(23:38:34),
,近くの山も、山頂から徐々に覆い隠されていっています。,(23:38:44),
最強のヴァン,「空がおかしいなぁ」,(23:38:42),
ドＭなハムイ,「一体これは何が！？」,(23:38:50),
強気なサントリナ,「ちょ、ちょっと……これ、まずいんじゃないの……？　よく分からないけれど……」,,
強気なンク,「説明は後だ！逃げよう！」,,
強気なサントリナ,「そうね！」,,
強気なンク,「ハムイッ！テレサを頼む！」,,
エッチなアレイラ,（ロイスが世界の滅亡の起因、償え、償え！　具体的にはミルの値段分償えっ！）,,
普通のＧＭ,では逃げる前に見えた光景を。,(23:39:23),
,,,
,動物達が山の上から必死に降りてきますが、途中で『闇』の霧に捕まっている者がいます。,,
,まるで触手を伸ばすかのように、『闇』の霧が動物を捕らえようとしているのが見えます。,,
,,,
,獲物を捕らえた黒い霧は動物を包み込み、まるで虫が動物をむさぼり食っているようにも見えます。,,
,黒い粒子は、何者かがいたであろう扉の中にも残留しています。,(23:39:24),
,,(23:40:01),
,自分たちも、黒い霧の粒に触れたところから体が変になっている気がします。,(23:39:02),
,,(23:39:47),
,黒い粒に触れた部分が変質し、その部分の細胞だけ意志を持って,(0:02:57),
,グニグニとどこかへ動き出そうとしているような、変異しているような、そんな感覚です。,,
強気なサントリナ,「ねえこれ絶対何かやばい封印解いちゃったんじゃないの？！」,(0:03:01),
最強のヴァン,「やばいなぁ、自分もヤバイ感じするわぁ」,(0:03:09),
エッチなアレイラ,「だれか、ミルを運んでなの……」,(0:03:50),
元気なロイス,カピバラに寄り添って泣きそうな顔のアレイラを見つけたので回復薬を与えます。,,
,1D6 回復薬をのませずにぶっかけました   (ｺﾛｺﾛ…)   ダイス ＝ 6　　6点回復！　ミルのHP0→5,,
,,,
,わーお。,,
普通のＧＭ,ってよりによってロイスさん直接回復薬使っちゃった！癒し手に渡すと大回復だったのにー。,(0:03:27),
強気なンク,もう冷静に考えてるような状況じゃないんですよね。わかります。,(23:40:19),
,,,
；；,※ＧＭ：と思ったんですがサントリナは回復薬の効果を増す【薬剤】スキルを持ってないので、この場面では,(23:40:23),
；；,　 誰が使っても一緒でした。サントリナに渡したらダイス的な意味で大惨事になるところでしたね。,(23:40:55),
,,,
,,(23:40:08),
,,,
エッチなアレイラ,ミルはＨＰ5で鼻血ﾌﾞｰです。　「……みんな優しいなの……(ﾎﾛﾘ）」,,
元気なロイス,「何が、どうなってやがるんだ……」,(23:40:51),
強気なサントリナ,（ロイスさんが世界を滅ぼす　まで読んだ！）,,
エッチなアレイラ,（普通に考えて、ロイス＝悪い奴に見えるんですけど……）,(23:41:10),
普通のＧＭ,じゃあカピバラに回復薬を与えているロイスさん。ってまたロイスさんなんですが、,(23:41:09),
,やっと人間を止めるときが来ました。,(23:41:17),
,,(23:41:21),
,ロイスの周りに黒い粒子が集まってきています。,(23:41:22),
,えっ、と思った瞬間、黒い霧が突然あなたを取り囲み、目から、耳から、口から、皮膚から黒い霧が入り込みます！,(23:41:24),
元気なロイス,「ぐ、な、んだ！」,(23:41:26),
普通のＧＭ,少し遅れて、焼け付くような痛みが全身に走ります！,,
元気なロイス,「ぐ、ぐああああああああああああああああ！！！！」,,
強気なンク,（ミル逃げて）,,
エッチなアレイラ,（第二形態……）,(23:41:36),
強気なサントリナ,「ちょ、ちょっと……？　大丈夫？！」,(23:41:40),
普通のＧＭ,ロイスの周りは何も見えなくなり、状況が完全に分からなくなりますが、,(23:41:49),
,激痛と共に体の各所がミシミシと音を立て、変異を起こしているのが分かります。,(23:41:56),
,,(23:41:58),
,さて、他の人はどうしますか？見てるだけ？,(23:42:27),
,まとっている黒いモヤモヤの中から叫び声が聞こえますよ！？,(23:42:10),
強気なサントリナ,心配で思わず近寄ります。,(23:42:13),
最強のヴァン,「おい！大丈夫か！」　近寄って行く。,(23:42:24),
エッチなアレイラ,ミルに回復薬をくれた恩義があるけど、逃げるｗ,(23:42:36),
強気なンク,この時点でロイスを仲間だと認識してないのでミルだけぶんどってダッシュで逃げようとします。,(23:42:43),
エッチなアレイラ,ミルに乗れないのでンクの服にぶら下がってよう。,(23:42:44),
ドＭなハムイ,入り口まで逃げてふりかえる。,(23:42:59),
普通のＧＭ,虫がたかっているようにも見える、黒いもやもやの中からロイスの絶叫が聞こえます！,(23:44:14),
元気なロイス,「ああああああガァァァァァアアAAAAAAAAAAAAAA！！！！！」,(23:42:54),
普通のＧＭ,見てるだけでロイス放置？　放置でいいのね！？,(23:43:04),
強気なンク,サヨナラ！,(23:43:34),
元気なロイス,（みんなひどいｗ）,(23:43:36),
エッチなアレイラ,だって、ＨＰ2だし……アレはンクの服にぶら下がっているので、ンク次第です。,(23:43:48),
強気なンク,ンクは全身の毛という毛を逆立てて猛ダッシュ中ですよ！,(23:44:00),
強気なサントリナ,あれ、近寄ったけど特にできることはないのかしらっ？！,(23:44:12),
普通のＧＭ,では、近付いて「何をしますか？」,(23:44:13),
,近付くっていっても、あの黒いのに触るとヤバい感覚を覚えます。,(23:44:25),
最強のヴァン,ロイスをつれて逃げる。,(23:44:49),
普通のＧＭ,黒いもやの中に手を突っ込むんですね？いいですね？,(23:44:50),
強気なサントリナ,「ぐっ……」気分が悪くなりながらも、ロイスさんの手をとります！,,
,（さーてどうなっちゃうかなー！）　　　　←おどしただけで特にペナルティはありませんでした,(23:45:07),
最強のヴァン,「うごぉっ……！」（一緒に引っ張ってるらしい）,(23:45:32),
普通のＧＭ,ところが、そこから出てきたロイスの姿は……。,(23:45:06),
元気なロイス,「わん」,(23:45:18),
普通のＧＭ,ロイスは体の一部がオオカミと化していることが分かります。,(23:45:50),
,変異したところからは出血がみられますが、動けなくなるほどではないようです。,(23:45:34),
ドＭなハムイ,（いぬになったーーー！）,(23:46:04),
普通のＧＭ,そういや飛んできた霧は、その前にオオカミを『むさぼっていた』ような気がしました。,(23:46:25),
,ロイスのどのあたりがオオカミになったかについては、また教えてください。,(23:46:08),
強気なサントリナ,「て、あれ、ちょ……ロ、ロイスさん……よね……？」,(0:00:51),
エッチなアレイラ,「ひぃぃぃぃぃぃぃぃぃ～～～～～」（ンクの服につかまって）,(0:01:46),
最強のヴァン,「何がなんやらほんまようわからへんけどこれだいじょうぶなん？」,,
強気なンク,遠くから「大丈夫なのか！とにかく逃げろおおお！」と叫びます。,(0:02:04),
強気なサントリナ,「そ、そうね、早く逃げないと！　ロイスさん、大丈夫？　動ける？！」,(0:02:04),
普通のＧＭ,色んな所から血ダラダラですが、ロイスは何とか黒いもやから脱出できました。,(23:46:15),
元気なロイス,えっ、ロイスダメージ受けてないの！？　描写的に満身創痍のような。,(23:46:42),
普通のＧＭ,じゃあロイスさん1D6ダメージ受けたことにしておきますか！どうぞ、振りたかったら振って！,(23:47:33),
,（※ロール不能な強制イベントでダメージ与えるのもフェアじゃないよなと思っていた）,(23:46:50),
元気なロイス,1D6 甘んじて受けるー   (ｺﾛｺﾛ…)   ダイス ＝ 5　　5点のダメージ！　　ＨＰ 15→10,(23:47:19),
,でかい。　,(0:04:20),
普通のＧＭ,ロイスにまとわりついていた闇のもやは、興味をなくしたように引き上げていきます。,(0:05:02),
エッチなアレイラ,（おや？　常に右に進まないとダメになるかと思ったら闇が引き上げていった？）,(0:05:26),
強気なサントリナ,「な、何がどうなっているの……！」,(23:47:02),
元気なロイス,耳と尻尾以外もオオカミ化していいんです？,,
普通のＧＭ,こうなったらもうロイスさんのお好みでいいですよ！　もうここまで来たらエグいくらいがアツいかもしれません。,(23:47:37),
元気なロイス,では、今回変異した箇所は眼球、耳、尻尾、牙、左腕～左手（人狼っぽく）で。他は進行で変異とか。,(23:48:14),
強気なンク,眼も狼化するのは大きいですね。,,
元気なロイス,オオカミの目ってどんなんだろう（調べてる）。ああ、狐狩ヨウコ目。,,
普通のＧＭ,さて、かわいそうなことが起きたので、ここでパーティー幸運点を1点進呈します！,,
,ちなみに空からどんどん闇が降りて来ているので、このままだと地面まで真っ黒です。,,
エッチなアレイラ,いや、やっぱり右に行きましょうか。　　　←ＧＭ：右は山だ！,,
普通のＧＭ,では逃げようとしたタイミングで……えーとミルは動けるんですね。,(23:49:39),
,,(23:49:50),
,なおテレサは【負傷】の状態異常なので、一人では歩けない状態です。,(23:50:12),
,いまは治療する時間はありません。,(23:50:25),
,,(23:50:26),
,で、みんなが逃げようとすると……。,(23:51:00),
,周りに飾ってあった全身鎧からブシュウウと真っ黒の煙が噴き出し、カタカタ震えています！！,(23:51:10),
強気なサントリナ,「ぎゃー！　いやー！」,(23:51:56),
最強のヴァン,「やっぱり動くんかいな！これじゃ逃げられへん！」,(23:51:02),
普通のＧＭ,鎧はゆっくりとですが、一歩、二歩と歩を進めます。,(23:52:07),
強気なンク,「次から次に！」,,
ドＭなハムイ,「シノビの女性は俺が　よっこいせ！」　カピバラは適当にダイレクトパス！,(23:52:58),
強気なサントリナ,「先に逝くおねえちゃんを許してね……！」（ﾌﾞﾂﾌﾞﾂ）,(23:52:45),
エッチなアレイラ,ミル復活ならミルにパイルダーオン。,(23:52:58),
普通のＧＭ,色々あったので恐怖判定したいけどこれ以上ＭＰ減らしたら誰か行動不能になるかなあ……。,(23:53:09),
,いや、しちゃうよ！！さすがにこの場面で正気でいられるとは思えない！,(23:53:22),
,ということで目標値9で恐怖判定を行います。全員、意志＋2D6で判定してください。,(23:53:40),
,失敗すると1D6点だけＭＰ減少します。,(23:56:15),
元気なロイス,自分も判定ですかー！,(23:52:27),
普通のＧＭ,ロイスさん一番恐い思いしたでしょ！,(23:52:46),
元気なロイス,いやそれ以前に意識あるのかなーと。もう半獣化したあとなんですね。,(23:52:37),
普通のＧＭ,あ、意識はあります、呪縛からも解き放たれてもう平気。本当は恐怖判定先にやろうかと思ってたら忙しくて！,(23:52:45),
元気なロイス,1＋2D6　意志判定！   (ｺﾛｺﾛ…)   ダイス (3＋6) ＋ 1 ＝ 10　　成功！,(23:52:36),
,自分に何が起きたのかまだ把握できてないので恐怖すら感じていない。,(23:52:43),
強気なサントリナ,3＋2D6 恐怖判定！   (ｺﾛｺﾛ…)   ダイス (1＋2) ＋ 3 ＝ 6　　失敗！,(23:53:45),
最強のヴァン,（サントリナの強気はどこへ…）,(23:53:57),
,2＋2D6 恐怖判定！   (ｺﾛｺﾛ…)   ダイス (4＋5) ＋ 2 ＝ 11　　成功！,(23:53:36),
ドＭなハムイ,2＋2D6　  (ｺﾛｺﾛ…)   ダイス (4＋4) ＋ 2 ＝ 10　　成功！,(23:53:54),
普通のＧＭ,（ンクさんだけヤベェな……ＭＰ４だ）,(23:54:00),
強気なサントリナ,（ンクさん生きて）,(23:54:31),
強気なンク,2＋2D6　意志判定！   (ｺﾛｺﾛ…)   ダイス (2＋6) ＋ 2 ＝ 10　　成功！,(23:54:12),
,生き延びた……。,(23:54:34),
エッチなアレイラ,3＋2D6　アレイラ意志判定   (ｺﾛｺﾛ…)   ダイス (2＋1) ＋ 3 ＝ 6　　失敗！,(23:54:35),
,1＋2D6　ミル意志判定   (ｺﾛｺﾛ…)   ダイス (1＋1) ＋ 1 ＝ 3 　ﾌｧﾝﾌﾞﾙ！,(23:55:23),
,もうだめだｗ,(23:54:44),
最強のヴァン,ミルちゃーん！,(23:55:30),
普通のＧＭ,うわああああ！え、えーと、ファンブったら2倍振ってください、ＭＰに2D6ダメージです……。,(23:55:40),
エッチなアレイラ,2D6　ミルＭＰダメージ　  (ｺﾛｺﾛ…)   ダイス (2＋6) ＝ 8　　MP 5→－3,(23:56:52),
強気なサントリナ,（わあ……）,(23:57:07),
エッチなアレイラ,1D6 アレＭＰダメージ   (ｺﾛｺﾛ…)   ダイス ＝ 5　　MP 15→10,(23:57:22),
強気なサントリナ,1D6 ＭＰダメージ   (ｺﾛｺﾛ…)   ダイス ＝ 4　　　MP 9→5,(23:57:37),
普通のＧＭ,ＭＰダメージを受けたのはミルとアレイラとサントリナですね。,(23:57:34),
強気なサントリナ,（あと一発は回復が打てる、なあに……）,(23:57:39),
普通のＧＭ,ミルは一時的に発狂しました。全力で逃げだそうとしています。,(23:57:47),
,あれ、なんだろうすごい自然なロールプレイ。,(23:57:52),
最強のヴァン,パイルダーオンしてるって事は……。,(23:57:58),
強気なサントリナ,アレちゃんも一緒にアレですよね！,(23:58:01),
エッチなアレイラ,「おおぅぉぅ、ミル、どうしたなの？　おおぅぅぅ、ひやぁぁぁぁ～」,(23:58:06),
普通のＧＭ,誰かミル捕まえてー！,(23:58:13),
最強のヴァン,捕まえる！,(23:58:17),
強気なンク,トライ！,(23:58:22),
強気なサントリナ,私の腕力じゃ無理！,(23:58:26),
最強のヴァン,機敏っすよね！,(23:58:37),
ドＭなハムイ,アメリカンフットボール。,(23:58:34),
強気なンク,3＋2D6　機敏判定！   (ｺﾛｺﾛ…)   ダイス (6＋5) ＋ 3 ＝ 14,(23:58:36),
エッチなアレイラ,機敏勝負っすか？,(23:58:42),
普通のＧＭ,はい、ミルの対抗判定をどうぞ、機敏＋2D6で！　（でも絶対勝てるわコレ）,(23:59:08),
エッチなアレイラ,1＋2D6　ミルの機敏判定　  (ｺﾛｺﾛ…)   ダイス (2＋1) ＋ 1 ＝ 4　　失敗！捕獲されました,(23:59:19),
,ダメだ、腐ってるわ、わたしのダイス。,(23:59:26),
最強のヴァン,（一緒にミルを捕まえようとしてた）　じゃあ軽わざ……ってつかえねえええ。,(23:59:08),
普通のＧＭ,ミル、タッチダウンぅぅ！！！！,(23:59:46),
強気なサントリナ,超捕まってる,,
普通のＧＭ,ではンクが捕まえてヴァンローバーがミルを抱きかかえている感じですかね。,,
最強のヴァン,「急に暴れると危ないでー」,,
エッチなアレイラ,ミル「かぴばーらー、かぴばーらー」,,
普通のＧＭ,さて、その間も黒い鎧たちはあなたがたにジワジワと迫ってきます……。,(23:59:24),
エッチなアレイラ,「ひぃぃゃぁぁぁぁぁぁ～なの～」,,
,,(23:59:38),
HR,,(23:59:38),
,,(23:59:41),
,,(23:59:40),
普通のＧＭ,と、いうことで！！　,(23:59:46),
,時間が来たので、突然ですが第一話はここで終わりです！,,
元気なロイス,( ﾟдﾟ ),,
最強のヴァン,くっ。,,
強気なンク,なんですってー！,(0:18:30),
ドＭなハムイ,終わった！　カピバラタッチダウンでED,(0:18:45),
全員,お疲れ様でしたー！,(0:16:19),
,,(0:16:36),
,,(0:17:02),
H,【+α】 終わってから,(0:17:06),
元気なロイス,なんか自分が作るキャラ、ファーストセッションは酷い目にあってるような…（今回は見越してましたけど）,(0:09:09),
普通のＧＭ,「第一話で人間から半獣になる」とかキャラメイキングの設定に書いてあったらそりゃもう。,(0:10:05),
最強のヴァン,ロイスとの間に信頼が出来てたらいいな。,(0:10:56),
元気なロイス,むしろヴァンとサントリナ以外逃げたのがひどいｗ,(0:11:23),
強気なサントリナ,アレイラはＨＰ無かったからちょっぴり仕方ない……ｗ,(0:11:43),
元気なロイス,流石数刻前に出会ったばかりのメンツだぜ……そして思ったよりイベント多めのセッションだった！,(0:11:34),
最強のヴァン,最強の効果も軽わざも使えなかったなー、軽業使っておくべきだったぜ。,(0:12:56),
エッチなアレイラ,唯一の人間であるハムイがふんどしバケツ、これは商売に影響するわ……。,(0:13:22),
最強のヴァン,フルケモで中和されますよきっと　　　←フルケモ＝みんな獣であること。,(0:13:56),
元気なロイス,あれは人間として勘定していいのか……。,(0:14:31),
最強のヴァン,バケツの妖精！,(0:14:37),
エッチなアレイラ,あれは妖精なの！ （そういう意味じゃないのは知っているけど、そういう風になるコトを期待している）,(0:15:09),
,とりあえず、エッチなアレイラのままだったら、ンクの服に潜り込んで、襟口から顔だけ出すよ。,(0:15:13),
,ふんどしは、挿絵的に嬉しくない。,(0:15:18),
元気なロイス,今回金銭的な報酬ないからしばらく金欠になりそうだ、回復薬は高い！,(0:15:51),
エッチなアレイラ,お金はアレイラとリーナだけでいただきます。,(0:18:14),
最強のヴァン,消費もして無いし10シルバの地図にぼられた感ある。,(0:19:11),
元気なロイス,ペナルティなしで遺跡に辿りつけたというメリットが（ボーナスありましたっけ）　←ＧＭ：実は普通の知力判定にさらに＋２されていました。,(0:19:24),
最強のヴァン,そして回復薬買っても持てないってゆう。,(0:18:37),
強気なサントリナ,医療セット分は請求したいですねっ。,(0:19:24),
エッチなアレイラ,キャラバンが儲かったらがっぽり請求するのです（儲かって無くても請求はします）,(0:19:45),
普通のＧＭ,ご心配なく！皆さんには経験値8点と、予約で各々1000シルバ分の報酬が入る予定です！,(0:19:44),
エッチなアレイラ,ちーがーうー、そのお金はー、アレイラとリーナだけが貰うべきですー（ﾊﾞﾝﾊﾞﾝﾊﾞﾝﾊﾞﾝ）（机叩き）,(0:20:15),
強気なサントリナ,そうそう山分け山分け！,(0:20:37),
元気なロイス,1000シルバはどこから！,(0:20:09),
普通のＧＭ,テレサさんが功労者の風体を全員挙げちゃいますよーハッハッハ。,(0:19:46),
エッチなアレイラ,テレサのバカ、バカ、バカ！！,(0:20:38),
最強のヴァン,シノビいい人。,(0:21:05),
エッチなアレイラ,やっぱり契約はちゃんと書面に残すべきだと、アレイラ覚えた！,(0:21:27),
元気なロイス,アレイラの商人レベルが1あがった。,(0:21:50),
普通のＧＭ,こんなドえらいことになってるので、今回のキャラバンが運んでいる大したことのない品もすごい値段で売れちゃって儲けを山分けしてくれる予定です。,(0:21:15),
元気なロイス,シルバが予約ってことは経験点は今使って成長しちゃっていいんですな。,(0:21:42),
普通のＧＭ,経験点は使ってもいいですよ！あのすさまじい状況を超えて一つくらい技に目覚めてもおかしくない。,(0:21:55),
最強のヴァン,ここで古代知識を覚えるのは変な気がするな……。,(0:22:20),
普通のＧＭ,「今こそ師匠に教えて貰ったアレを使うとき！」みたいな演出を加えて習得しても構いませんし,(0:22:29),
,「これが……古代文明……！！」と何か突然理解してしまってもかまいません。　,,
,　↑【古代知識】はどこぞの神話技能ですか？,,
最強のヴァン,面白そう……！,(0:22:05),
元気なロイス,そういえば変異で思ったんですけど種族スキルはないんですな。,(0:22:22),
普通のＧＭ,種族スキルはフェアリーだけですね。,(0:22:17),
エッチなアレイラ,あ、1000シルバ、1000シルバも貰っていいんですかね？,(0:22:38),
普通のＧＭ,買うものは予定表あたりに書いておいてもいいですけど、残念ながら次の街まではまだもらえませんよ。,(0:22:42),
強気なサントリナ,医療セットおおおおおお　（もう初期所持金で買った分を使い切ってしまっている）,(0:22:51),
エッチなアレイラ,ねえ、お金、みんな溢れちゃわない？,(0:22:59),
最強のヴァン,保存食ならもうあふれてる。,(0:22:52),
元気なロイス,お金に重量はない（どーん）,(0:23:20),
普通のＧＭ,なに、お金に重量を付けろだと！？,(0:23:24),
エッチなアレイラ,やめて！,(0:23:30),
強気なサントリナ,アレイラ終了のおしらせ＞お金に重量,(0:24:08),
元気なロイス,余裕たっぷりです（重さ　9/25）,(0:23:26),
エッチなアレイラ,紙幣です。紙幣にしてください！,(0:23:50),
普通のＧＭ,にしてもお金に重量ってハイドライド３じゃあるまいし……といってもどこかを拠点にしてるわけでもないので、大金持つのは難しいですよね。,(0:24:14),
最強のヴァン,地図はさすがに重量0です……よね？,(0:24:33),
普通のＧＭ,地図は0になりました！,(0:25:04),
最強のヴァン,もう保存食一個分しか持てない（）,(0:27:37),
エッチなアレイラ,お金を運ぶために、またペットを飼う。,(0:28:00),
普通のＧＭ,でも200シルバくらいだったらコイン1枚だと思いますよ。これで1万円。,(0:28:32),
エッチなアレイラ,コインひとつとは言え、持って飛べるのだろうか？,(0:28:59),
普通のＧＭ,フェアリーは軽量レイピア（重さ0の高級レイピア）持てるしキャンプの支柱ささえたし！,(0:29:28),
エッチなアレイラ,あれは、怪しげなお店に売るために、アレイラを持ち上げていたと思ってましたけどね、 ははははっ。,(0:29:43),
元気なロイス,黒い霧って片道勇者的なアレかなー。,(0:30:04),
最強のヴァン,右スクロールか。,(0:30:09),
普通のＧＭ,実際は放射状に被害が広がっていきますよねという主張をＴＲＰＧで表現。,(0:30:44),
エッチなアレイラ,でも、なんとなく右方向に逃げたい気持ち。,(0:31:30),
普通のＧＭ,にしても今回ＰＣ間遭遇が多かったからＧＭとしては楽でした。NPCが多くなると死んじゃいますね。,(0:31:42),
最強のヴァン,PCが丁度よく分かれたからよかった（PC間遭遇が一番遅かったけど）,(0:31:32),
エッチなアレイラ,全然進行キャラになってなかった……。,(0:31:45),
強気なサントリナ,最初めっちゃ出番なかったですかｗ,(0:32:00),
エッチなアレイラ,ああ、話を先に進めるような役割になりたかったんですが、結局遊んじゃったんです。,(0:32:09),
強気なサントリナ,なるほど。,(0:32:12),
元気なロイス,にしても、これ発端が知れたら世界的な犯罪人に。,(0:32:27),
強気なサントリナ,ロイスさん……。,(0:33:06),
最強のヴァン,魔王召還しちゃった！？,(0:33:23),
元気なロイス,まぁ近くにいた人も言い訳無用で同罪なんですけどね（ﾆｺﾘ）,(0:34:00),
エッチなアレイラ,ロイスはこれから重い十字架を背負って生きていかなければならない。,(0:33:27),
普通のＧＭ,ロイスさん後半からいきなりピョッと出てきた瞬間に一躍主人公ですね、おめでとうございます。,(0:33:59),
,でもきっとパーティ内の不信がひどい。,(0:34:07),
最強のヴァン,ヴァンは信じてる！！！たぶんヴァンなら。,(0:34:11),
エッチなアレイラ,でも、主人公だなー、主人公ですよねー、いいなー、全てが終わったとき、一番清々しい気持ちになれるのはロイスだもんなぁー。,(0:35:53),
普通のＧＭ,でも目玉の活躍シーン（活躍……？）が終わったのでこの先しばらく出番があるかな……あるといいな。,(0:36:07),
,きっとみんなの内心は、　ロイス「ヴァンめ、これを知って俺を……！？」　4人「あの冒険者2人、まさかこれをするために……！？」　ヴァン「マスターェ」　なんてことに。,(0:36:40),
最強のヴァン,ヴァンが酒場のマスター不信に。,,
元気なロイス,ロイスが不幸体質過ぎる、遺跡にきた動機が動機なだけに。,(0:39:29),
普通のＧＭ,というか冒険家組を全然活躍させられなかったのがＧＭとしても悔やまれる！,(0:40:03),
最強のヴァン,冒険家はイベント少ない組やからしゃあない,(0:40:15),
元気なロイス,まぁでもシナリオ的には獣化予定でしたし。てか片道勇者的に半獣の呪い解けそうにない（メタ）,(0:41:07),
エッチなアレイラ,えーと、経験点を8点消費して【価格交渉】を覚えましょう。,(0:42:04),
,契約は書面に残すべし、と学習しましたし。ふふふ、商人っぽくなったぞ。,(0:42:25),
最強のヴァン,しまった、【修理】するタイミングのがした。,(0:42:24),
エッチなアレイラ,材料がないと修理できないんですよね、次の街で修理しましょうか。,(0:42:57),
普通のＧＭ,そうですね、出会った直後だったし仕方がありません。,(0:43:51),
最強のヴァン,と言うか壊れそうな装備を初期にして修理したら安く済んだんじゃ。,(0:44:12),
普通のＧＭ,賢い！　パーティ内に壊れそうな品物が２つもありますから次回は修理祭りですね,(0:45:08),
,（って壊れそうな品物どっちもンクさんのだよ！）,(0:44:26),
エッチなアレイラ,お金がシビアなら【修理】が活躍しそうですね。まぁ、わたしは壊す気マンマンなんですけど。,(0:45:12),
最強のヴァン,【修理】レベル上げてもいい気がしてきた（,(0:45:49),
普通のＧＭ,あ、ロイスさんは「まだ人間」から「後天的な半獣人」にパワーアップです！書き換えておいてくださーい。,(0:46:51),
エッチなアレイラ,パワーアップといっても、社会的には……。,(0:50:15),
最強のヴァン,獣人は人間の街以外では社会的立場は普通なはず。　←でも半獣人はそうでもないのですよ……ネムリみたいにきれいな変化で、かつ奉仕活動に従事していればまだしも。,(0:50:25),
普通のＧＭ,（キャラシートを見て）　あれ、そっか、意志1もロイスさんだけなんですね。物語としては、意志が弱いことを敵に読まれていたのかもしれない。,(0:50:25),
元気なロイス,むしろアレいくつなら抗えたんです？,(0:54:02),
普通のＧＭ,直前の謎2D6ロールで1ゾロじゃなかったらほぼ絶対成功するくらい？,(0:55:43),
元気なロイス,不可避じゃないですかやだー！,(0:57:22),
エッチなアレイラ,詩人、海賊、勇者も実装され……。,(0:57:37),
普通のＧＭ,詩人作ったけどボツっちゃった……。,(0:57:41),
最強のヴァン,詩人欲しかったｗ,(0:58:11),
エッチなアレイラ,ＨＰの成長が難しい……ふぬぅ。毎回死にかけるのも楽しいけどね　　←フェアリーはＨＰ1アップあたり8点も必要。,(0:59:13),
元気なロイス,1点増加に対する経験点コストが結構痛い。,(0:59:30),
最強のヴァン,かばう系スキルもあってもいいですね！,(0:59:52),
エッチなアレイラ,虫をかばうのです。虫って言うな！,(1:00:03),
元気なロイス,【かばう】は騎士だけなのか！,(1:00:26),
エッチなアレイラ,人気ないなぁ、騎士。,(1:00:43),
普通のＧＭ,フェアリーがいるからかばう担当で誰か騎士取ってくれるよね　→　甘くはなかった……。,(1:01:26),
元気なロイス,自分の身は自分で守るのだ……。,(1:01:27),
最強のヴァン,昆虫とカピバラと狐と猫とバケツふんどしと狼。,(1:01:46),
普通のＧＭ,普通の人間がいなくなってしまった……。,(1:01:53),
エッチなアレイラ,ここにいるプレイヤーはカピバラが死ぬのを黙ってみていられない人ばっかりだからね、くくくくく、生き残るよ、ミルは。アレイラは、あれだ、意外と死なない。,(1:02:11),
最強のヴァン,ヴァンはロイスの方についてるで！,(1:04:33),
普通のＧＭ,ミルといえば、今回カピバラがやたらかわいそうな運命でしたね。,(1:04:38),
エッチなアレイラ,助けてくれるから大丈夫です。,(1:05:29),
普通のＧＭ,この調子だと脱走する日も近いな……。,(1:04:51),
エッチなアレイラ,脱走されたら商売できない（荷物的に）,(1:05:06),
元気なロイス,アイテムロスト。,(1:05:56),
普通のＧＭ,カピバラはアレイラさんより守らないと切ないですよ。パーティー幸運点で死亡回避が使えるのは【仲間PC】だけなんで……！,(1:06:04),
エッチなアレイラ,わたしは忘れるので、不幸体質のロイスが覚えています。,(1:06:45),
,アレイラの記憶術は損失が発生しそうなときにフル回転します。,(1:07:11),
元気なロイス,たぶんＧＭに幸運点ありますよーって指摘されるまで誰も思い出さないフラグ。,(1:07:17),
普通のＧＭ,ＨＰが-10になったときに思い出したらＯＫ！,(1:07:40),
最強のヴァン,総合情報に幸運点かいとけば忘れない？,(1:07:44),
普通のＧＭ,あ、書いておきます。なお、使役動物はＨＰ-10になったら【パーティー幸運点】による【死亡回避】はできず、【パーティー幸運点】による使役動物の（おそらく防御）ロール振り直ししかできません。大切にしてね。,(1:07:50),
エッチなアレイラ,ぬぬぬぬっ、これは必死になってミルを守らないと（わたし以外が）,(1:08:02),
元気なロイス,まあ死んだとしても第二第三のペットが。,(1:08:24),
最強のヴァン,最悪抱えて逃げよう。,(1:08:40),
普通のＧＭ,あとンクさんが最後発狂しそうで緊張しました（残りＭＰが4だった）。,(1:09:09),
最強のヴァン,ＨＰ低い人も耐えて！,,
エッチなアレイラ,死にかけたーい！！！,,
普通のＧＭ,ＨＰ2が何か言ってるわ。,,
最強のヴァン,すでに死にかけじゃないですか！,,
エッチなアレイラ,「あれ、レク爺さんが川の向こうで呼んでいるなの……」,,
最強のヴァン,レク爺さん死んで無いんじゃｗ,,
HR,,,
,,,
,,,
　　,<B>さて、危険な状況のまま終わってしまった第一話。物語は、次回へ続きます……。</B>,,
　　,<B>　　　　　　　→　<a href=Replay02.shtml><font size=+1>【第二話『天秤・上』へ】</font></a></B>,,
　　,,,
　　,,,
　　,,,
　　,,,
